'一','p1a.htm?open'
'丁','p1a.htm?open'
'七','p1a.htm?open'
'三','p1a.htm?open'
'下','p1a.htm?open'
'丈','p1a.htm?open'
'上','p1a.htm?open'
'丑','p1a.htm?open'
'丐','p1a.htm?open'
'不','p1a.htm?open'
'丙','p1a.htm?open'
'世','p1a.htm?open'
'丕','p1b.htm?open'
'且','p1b.htm?open'
'丘','p1b.htm?open'
'丞','p1b.htm?open'
'丟','p1b.htm?open'
'並','p1b.htm?open'
'丫','p1b.htm?open'
'中','p1b.htm?open'
'串','p1b.htm?open'
'丸','p1b.htm?open'
'凡','p1b.htm?open'
'丹','p2a.htm?open'
'主','p2a.htm?open'
'乃','p2a.htm?open'
'久','p2a.htm?open'
'么','p2a.htm?open'
'之','p2a.htm?open'
'尹','p2a.htm?open'
'乍','p2a.htm?open'
'乏','p2a.htm?open'
'乎','p2a.htm?open'
'乒','p2a.htm?open'
'乓','p2a.htm?open'
'乖','p2b.htm?open'
'乘','p2b.htm?open'
'乙','p2b.htm?open'
'九','p2b.htm?open'
'也','p2b.htm?open'
'乞','p2b.htm?open'
'乩','p2b.htm?open'
'乳','p2b.htm?open'
'乾','p2b.htm?open'
'亂','p2b.htm?open'
'了','p2b.htm?open'
'予','p3a.htm?open'
'事','p3a.htm?open'
'二','p3a.htm?open'
'于','p3a.htm?open'
'云','p3a.htm?open'
'井','p3a.htm?open'
'互','p3a.htm?open'
'五','p3a.htm?open'
'亙','p3a.htm?open'
'些','p3a.htm?open'
'亞','p3a.htm?open'
'亟','p3a.htm?open'
'亡','p3b.htm?open'
'交','p3b.htm?open'
'亦','p3b.htm?open'
'亥','p3b.htm?open'
'亨','p3b.htm?open'
'享','p3b.htm?open'
'京','p3b.htm?open'
'亭','p3b.htm?open'
'亮','p3b.htm?open'
'人','p3b.htm?open'
'仁','p3b.htm?open'
'什','p4a.htm?open'
'仃','p4a.htm?open'
'仆','p4a.htm?open'
'仇','p4a.htm?open'
'仍','p4a.htm?open'
'今','p4a.htm?open'
'介','p4a.htm?open'
'仄','p4a.htm?open'
'以','p4a.htm?open'
'付','p4a.htm?open'
'仔','p4a.htm?open'
'仕','p4a.htm?open'
'他','p4a.htm?open'
'仗','p4b.htm?open'
'代','p4b.htm?open'
'令','p4b.htm?open'
'仙','p4b.htm?open'
'仞','p4b.htm?open'
'仿','p4b.htm?open'
'伉','p4b.htm?open'
'伙','p4b.htm?open'
'伊','p4b.htm?open'
'伕','p4b.htm?open'
'伍','p4b.htm?open'
'伐','p4b.htm?open'
'休','p4b.htm?open'
'伏','p5a.htm?open'
'仲','p5a.htm?open'
'件','p5a.htm?open'
'任','p5a.htm?open'
'仰','p5a.htm?open'
'仳','p5a.htm?open'
'份','p5a.htm?open'
'企','p5a.htm?open'
'位','p5a.htm?open'
'住','p5a.htm?open'
'佇','p5a.htm?open'
'佗','p5a.htm?open'
'佞','p5a.htm?open'
'伴','p5b.htm?open'
'佛','p5b.htm?open'
'何','p5b.htm?open'
'估','p5b.htm?open'
'佐','p5b.htm?open'
'佑','p5b.htm?open'
'伽','p5b.htm?open'
'伺','p5b.htm?open'
'伸','p5b.htm?open'
'佃','p5b.htm?open'
'佔','p5b.htm?open'
'似','p5b.htm?open'
'但','p5b.htm?open'
'佣','p6a.htm?open'
'作','p6a.htm?open'
'你','p6a.htm?open'
'伯','p6a.htm?open'
'低','p6a.htm?open'
'伶','p6a.htm?open'
'余','p6a.htm?open'
'佝','p6a.htm?open'
'佯','p6a.htm?open'
'依','p6a.htm?open'
'侍','p6a.htm?open'
'佳','p6a.htm?open'
'使','p6a.htm?open'
'佬','p6b.htm?open'
'供','p6b.htm?open'
'例','p6b.htm?open'
'來','p6b.htm?open'
'侃','p6b.htm?open'
'佰','p6b.htm?open'
'併','p6b.htm?open'
'侈','p6b.htm?open'
'佩','p6b.htm?open'
'佻','p6b.htm?open'
'侖','p6b.htm?open'
'佾','p6b.htm?open'
'侏','p6b.htm?open'
'信','p7a.htm?open'
'侵','p7a.htm?open'
'侯','p7a.htm?open'
'便','p7a.htm?open'
'俠','p7a.htm?open'
'俑','p7a.htm?open'
'俏','p7a.htm?open'
'保','p7a.htm?open'
'促','p7a.htm?open'
'侶','p7a.htm?open'
'俘','p7a.htm?open'
'俟','p7a.htm?open'
'俊','p7a.htm?open'
'俗','p7b.htm?open'
'侮','p7b.htm?open'
'俐','p7b.htm?open'
'俄','p7b.htm?open'
'係','p7b.htm?open'
'俚','p7b.htm?open'
'俎','p7b.htm?open'
'俞','p7b.htm?open'
'倌','p7b.htm?open'
'倍','p7b.htm?open'
'倣','p7b.htm?open'
'俯','p7b.htm?open'
'倦','p7b.htm?open'
'倥','p8a.htm?open'
'俸','p8a.htm?open'
'倩','p8a.htm?open'
'倖','p8a.htm?open'
'倆','p8a.htm?open'
'值','p8a.htm?open'
'借','p8a.htm?open'
'倚','p8a.htm?open'
'倒','p8a.htm?open'
'們','p8a.htm?open'
'俺','p8a.htm?open'
'倀','p8a.htm?open'
'倔','p8a.htm?open'
'倨','p8b.htm?open'
'俱','p8b.htm?open'
'倡','p8b.htm?open'
'個','p8b.htm?open'
'候','p8b.htm?open'
'倘','p8b.htm?open'
'俳','p8b.htm?open'
'修','p8b.htm?open'
'倭','p8b.htm?open'
'倪','p8b.htm?open'
'俾','p8b.htm?open'
'倫','p8b.htm?open'
'倉','p8b.htm?open'
'偺','p9a.htm?open'
'偽','p9a.htm?open'
'停','p9a.htm?open'
'假','p9a.htm?open'
'偃','p9a.htm?open'
'偌','p9a.htm?open'
'做','p9a.htm?open'
'偉','p9a.htm?open'
'健','p9a.htm?open'
'偶','p9a.htm?open'
'偎','p9a.htm?open'
'偕','p9a.htm?open'
'偵','p9a.htm?open'
'側','p9b.htm?open'
'偷','p9b.htm?open'
'偏','p9b.htm?open'
'倏','p9b.htm?open'
'傢','p9b.htm?open'
'傍','p9b.htm?open'
'傅','p9b.htm?open'
'備','p9b.htm?open'
'傑','p9b.htm?open'
'傀','p9b.htm?open'
'傖','p9b.htm?open'
'傘','p9b.htm?open'
'傭','p9b.htm?open'
'債','p10a.htm?open'
'傲','p10a.htm?open'
'傳','p10a.htm?open'
'僅','p10a.htm?open'
'傾','p10a.htm?open'
'催','p10a.htm?open'
'傷','p10a.htm?open'
'傻','p10a.htm?open'
'傯','p10a.htm?open'
'僧','p10a.htm?open'
'僮','p10a.htm?open'
'僥','p10a.htm?open'
'僖','p10a.htm?open'
'僭','p10b.htm?open'
'僚','p10b.htm?open'
'僕','p10b.htm?open'
'像','p10b.htm?open'
'僑','p10b.htm?open'
'僱','p10b.htm?open'
'億','p10b.htm?open'
'儀','p10b.htm?open'
'僻','p10b.htm?open'
'僵','p10b.htm?open'
'價','p10b.htm?open'
'儂','p10b.htm?open'
'儈','p10b.htm?open'
'儉','p11a.htm?open'
'儒','p11a.htm?open'
'儘','p11a.htm?open'
'儔','p11a.htm?open'
'儐','p11a.htm?open'
'優','p11a.htm?open'
'償','p11a.htm?open'
'儡','p11a.htm?open'
'儲','p11a.htm?open'
'儷','p11a.htm?open'
'儼','p11a.htm?open'
'兀','p11b.htm?open'
'元','p11b.htm?open'
'允','p11b.htm?open'
'充','p11b.htm?open'
'兄','p11b.htm?open'
'光','p11b.htm?open'
'兇','p11b.htm?open'
'兆','p11b.htm?open'
'先','p11b.htm?open'
'兌','p11b.htm?open'
'克','p11b.htm?open'
'兕','p11b.htm?open'
'免','p12a.htm?open'
'兔','p12a.htm?open'
'兒','p12a.htm?open'
'兗','p12a.htm?open'
'兜','p12a.htm?open'
'兢','p12a.htm?open'
'入','p12a.htm?open'
'內','p12a.htm?open'
'全','p12a.htm?open'
'兩','p12a.htm?open'
'八','p12a.htm?open'
'六','p12b.htm?open'
'兮','p12b.htm?open'
'公','p12b.htm?open'
'共','p12b.htm?open'
'兵','p12b.htm?open'
'具','p12b.htm?open'
'其','p12b.htm?open'
'典','p12b.htm?open'
'兼','p12b.htm?open'
'冀','p12b.htm?open'
'冉','p12b.htm?open'
'冊','p12b.htm?open'
'再','p13a.htm?open'
'冒','p13a.htm?open'
'冑','p13a.htm?open'
'冕','p13a.htm?open'
'最','p13a.htm?open'
'冗','p13a.htm?open'
'冠','p13a.htm?open'
'冤','p13a.htm?open'
'冥','p13a.htm?open'
'冢','p13a.htm?open'
'冬','p13a.htm?open'
'冰','p13b.htm?open'
'冶','p13b.htm?open'
'冷','p13b.htm?open'
'冽','p13b.htm?open'
'凍','p13b.htm?open'
'凌','p13b.htm?open'
'准','p13b.htm?open'
'凋','p13b.htm?open'
'凜','p13b.htm?open'
'凝','p13b.htm?open'
'几','p13b.htm?open'
'凰','p13b.htm?open'
'凱','p14a.htm?open'
'凳','p14a.htm?open'
'凶','p14a.htm?open'
'凹','p14a.htm?open'
'出','p14a.htm?open'
'凸','p14a.htm?open'
'函','p14a.htm?open'
'刀','p14a.htm?open'
'刁','p14a.htm?open'
'刃','p14a.htm?open'
'分','p14a.htm?open'
'切','p14b.htm?open'
'刈','p14b.htm?open'
'刊','p14b.htm?open'
'列','p14b.htm?open'
'刑','p14b.htm?open'
'划','p14b.htm?open'
'刎','p14b.htm?open'
'別','p14b.htm?open'
'判','p14b.htm?open'
'利','p14b.htm?open'
'刪','p14b.htm?open'
'刨','p14b.htm?open'
'刻','p14b.htm?open'
'券','p15a.htm?open'
'刷','p15a.htm?open'
'刺','p15a.htm?open'
'到','p15a.htm?open'
'刮','p15a.htm?open'
'制','p15a.htm?open'
'剁','p15a.htm?open'
'剎','p15a.htm?open'
'剃','p15a.htm?open'
'削','p15a.htm?open'
'前','p15a.htm?open'
'剌','p15a.htm?open'
'剋','p15a.htm?open'
'則','p15b.htm?open'
'剖','p15b.htm?open'
'剜','p15b.htm?open'
'剔','p15b.htm?open'
'剛','p15b.htm?open'
'剝','p15b.htm?open'
'剪','p15b.htm?open'
'副','p15b.htm?open'
'割','p15b.htm?open'
'剴','p15b.htm?open'
'創','p15b.htm?open'
'剩','p15b.htm?open'
'剿','p15b.htm?open'
'剷','p16a.htm?open'
'剽','p16a.htm?open'
'劃','p16a.htm?open'
'劇','p16a.htm?open'
'劈','p16a.htm?open'
'劉','p16a.htm?open'
'劍','p16a.htm?open'
'劑','p16a.htm?open'
'力','p16a.htm?open'
'加','p16a.htm?open'
'功','p16a.htm?open'
'劣','p16a.htm?open'
'劫','p16b.htm?open'
'助','p16b.htm?open'
'努','p16b.htm?open'
'劬','p16b.htm?open'
'劾','p16b.htm?open'
'勇','p16b.htm?open'
'勉','p16b.htm?open'
'勃','p16b.htm?open'
'勁','p16b.htm?open'
'勒','p16b.htm?open'
'務','p16b.htm?open'
'勘','p16b.htm?open'
'動','p16b.htm?open'
'勞','p17a.htm?open'
'勝','p17a.htm?open'
'勛','p17a.htm?open'
'募','p17a.htm?open'
'勦','p17a.htm?open'
'勤','p17a.htm?open'
'勢','p17a.htm?open'
'勵','p17a.htm?open'
'勸','p17a.htm?open'
'勻','p17a.htm?open'
'勾','p17a.htm?open'
'勿','p17b.htm?open'
'包','p17b.htm?open'
'匆','p17b.htm?open'
'匈','p17b.htm?open'
'匍','p17b.htm?open'
'匐','p17b.htm?open'
'匏','p17b.htm?open'
'匕','p17b.htm?open'
'化','p17b.htm?open'
'北','p17b.htm?open'
'匙','p17b.htm?open'
'匝','p18a.htm?open'
'匡','p18a.htm?open'
'匠','p18a.htm?open'
'匣','p18a.htm?open'
'匪','p18a.htm?open'
'匯','p18a.htm?open'
'匱','p18a.htm?open'
'匹','p18a.htm?open'
'匿','p18a.htm?open'
'區','p18a.htm?open'
'匾','p18a.htm?open'
'十','p18b.htm?open'
'千','p18b.htm?open'
'午','p18b.htm?open'
'升','p18b.htm?open'
'卅','p18b.htm?open'
'仟','p18b.htm?open'
'半','p18b.htm?open'
'卉','p18b.htm?open'
'卒','p18b.htm?open'
'協','p18b.htm?open'
'卓','p18b.htm?open'
'卑','p18b.htm?open'
'南','p18b.htm?open'
'博','p19a.htm?open'
'卜','p19a.htm?open'
'卞','p19a.htm?open'
'卡','p19a.htm?open'
'占','p19a.htm?open'
'卦','p19a.htm?open'
'卯','p19a.htm?open'
'卮','p19a.htm?open'
'印','p19a.htm?open'
'危','p19a.htm?open'
'即','p19a.htm?open'
'卵','p19b.htm?open'
'卷','p19b.htm?open'
'卸','p19b.htm?open'
'卹','p19b.htm?open'
'卻','p19b.htm?open'
'卿','p19b.htm?open'
'厄','p19b.htm?open'
'厚','p19b.htm?open'
'原','p19b.htm?open'
'厝','p19b.htm?open'
'厥','p19b.htm?open'
'厭','p19b.htm?open'
'厲','p20a.htm?open'
'去','p20a.htm?open'
'參','p20a.htm?open'
'又','p20a.htm?open'
'叉','p20a.htm?open'
'友','p20a.htm?open'
'及','p20a.htm?open'
'反','p20a.htm?open'
'取','p20a.htm?open'
'叔','p20a.htm?open'
'受','p20a.htm?open'
'叛','p20b.htm?open'
'叟','p20b.htm?open'
'曼','p20b.htm?open'
'叢','p20b.htm?open'
'口','p20b.htm?open'
'可','p20b.htm?open'
'古','p20b.htm?open'
'右','p20b.htm?open'
'召','p20b.htm?open'
'叮','p20b.htm?open'
'叩','p20b.htm?open'
'叨','p21a.htm?open'
'叼','p21a.htm?open'
'司','p21a.htm?open'
'叵','p21a.htm?open'
'叫','p21a.htm?open'
'另','p21a.htm?open'
'只','p21a.htm?open'
'史','p21a.htm?open'
'叱','p21a.htm?open'
'台','p21a.htm?open'
'句','p21a.htm?open'
'叭','p21a.htm?open'
'吉','p21a.htm?open'
'吏','p21b.htm?open'
'同','p21b.htm?open'
'吊','p21b.htm?open'
'吐','p21b.htm?open'
'吁','p21b.htm?open'
'吋','p21b.htm?open'
'各','p21b.htm?open'
'向','p21b.htm?open'
'名','p21b.htm?open'
'合','p21b.htm?open'
'吃','p21b.htm?open'
'后','p21b.htm?open'
'吆','p21b.htm?open'
'吒','p22a.htm?open'
'吝','p22a.htm?open'
'吭','p22a.htm?open'
'吞','p22a.htm?open'
'吾','p22a.htm?open'
'否','p22a.htm?open'
'呎','p22a.htm?open'
'吧','p22a.htm?open'
'呆','p22a.htm?open'
'呃','p22a.htm?open'
'吳','p22a.htm?open'
'呈','p22a.htm?open'
'呂','p22a.htm?open'
'君','p22b.htm?open'
'吩','p22b.htm?open'
'告','p22b.htm?open'
'吹','p22b.htm?open'
'吻','p22b.htm?open'
'吸','p22b.htm?open'
'吮','p22b.htm?open'
'吵','p22b.htm?open'
'吶','p22b.htm?open'
'吠','p22b.htm?open'
'吼','p22b.htm?open'
'呀','p22b.htm?open'
'吱','p22b.htm?open'
'含','p23a.htm?open'
'吟','p23a.htm?open'
'味','p23a.htm?open'
'呵','p23a.htm?open'
'咖','p23a.htm?open'
'呸','p23a.htm?open'
'咕','p23a.htm?open'
'咀','p23a.htm?open'
'呻','p23a.htm?open'
'呷','p23a.htm?open'
'咄','p23a.htm?open'
'咒','p23a.htm?open'
'咆','p23a.htm?open'
'呼','p23b.htm?open'
'咐','p23b.htm?open'
'呱','p23b.htm?open'
'呶','p23b.htm?open'
'和','p23b.htm?open'
'咚','p23b.htm?open'
'呢','p23b.htm?open'
'周','p23b.htm?open'
'咋','p23b.htm?open'
'命','p23b.htm?open'
'咎','p23b.htm?open'
'咬','p23b.htm?open'
'哀','p23b.htm?open'
'咨','p24a.htm?open'
'哎','p24a.htm?open'
'哉','p24a.htm?open'
'咸','p24a.htm?open'
'咦','p24a.htm?open'
'咳','p24a.htm?open'
'哇','p24a.htm?open'
'哂','p24a.htm?open'
'咽','p24a.htm?open'
'咪','p24a.htm?open'
'品','p24a.htm?open'
'哄','p24a.htm?open'
'哈','p24a.htm?open'
'咯','p24b.htm?open'
'咫','p24b.htm?open'
'咱','p24b.htm?open'
'咻','p24b.htm?open'
'哨','p24b.htm?open'
'唐','p24b.htm?open'
'唁','p24b.htm?open'
'唷','p24b.htm?open'
'哼','p24b.htm?open'
'哥','p24b.htm?open'
'哲','p24b.htm?open'
'唆','p24b.htm?open'
'哺','p24b.htm?open'
'唔','p25a.htm?open'
'哩','p25a.htm?open'
'哭','p25a.htm?open'
'員','p25a.htm?open'
'唉','p25a.htm?open'
'哮','p25a.htm?open'
'哪','p25a.htm?open'
'哦','p25a.htm?open'
'唧','p25a.htm?open'
'商','p25a.htm?open'
'啪','p25a.htm?open'
'啦','p25a.htm?open'
'啄','p25a.htm?open'
'啞','p25b.htm?open'
'啡','p25b.htm?open'
'啃','p25b.htm?open'
'啊','p25b.htm?open'
'唱','p25b.htm?open'
'啖','p25b.htm?open'
'問','p25b.htm?open'
'啕','p25b.htm?open'
'唯','p25b.htm?open'
'啤','p25b.htm?open'
'唸','p25b.htm?open'
'售','p25b.htm?open'
'啜','p25b.htm?open'
'唬','p26a.htm?open'
'啣','p26a.htm?open'
'唳','p26a.htm?open'
'啻','p26a.htm?open'
'喀','p26a.htm?open'
'喧','p26a.htm?open'
'啼','p26a.htm?open'
'喊','p26a.htm?open'
'喝','p26a.htm?open'
'喘','p26a.htm?open'
'喂','p26a.htm?open'
'喜','p26a.htm?open'
'喪','p26a.htm?open'
'喔','p26b.htm?open'
'喇','p26b.htm?open'
'喋','p26b.htm?open'
'喃','p26b.htm?open'
'喳','p26b.htm?open'
'單','p26b.htm?open'
'喟','p26b.htm?open'
'唾','p26b.htm?open'
'喲','p26b.htm?open'
'喚','p26b.htm?open'
'喻','p26b.htm?open'
'喬','p26b.htm?open'
'喱','p26b.htm?open'
'啾','p27a.htm?open'
'喉','p27a.htm?open'
'嗟','p27a.htm?open'
'嗨','p27a.htm?open'
'嗓','p27a.htm?open'
'嗦','p27a.htm?open'
'嗎','p27a.htm?open'
'嗜','p27a.htm?open'
'嗇','p27a.htm?open'
'嗑','p27a.htm?open'
'嗣','p27a.htm?open'
'嗤','p27a.htm?open'
'嗯','p27a.htm?open'
'嗚','p27b.htm?open'
'嗡','p27b.htm?open'
'嗅','p27b.htm?open'
'嗆','p27b.htm?open'
'嗥','p27b.htm?open'
'嗾','p27b.htm?open'
'嘀','p27b.htm?open'
'嘛','p27b.htm?open'
'嘗','p27b.htm?open'
'嗽','p27b.htm?open'
'嘔','p27b.htm?open'
'嘆','p27b.htm?open'
'嘉','p27b.htm?open'
'嘍','p28a.htm?open'
'嘎','p28a.htm?open'
'嗷','p28a.htm?open'
'嘖','p28a.htm?open'
'嘟','p28a.htm?open'
'嘈','p28a.htm?open'
'嘮','p28a.htm?open'
'嘻','p28a.htm?open'
'嘹','p28a.htm?open'
'嘲','p28a.htm?open'
'嘿','p28a.htm?open'
'嘩','p28a.htm?open'
'噓','p28a.htm?open'
'噎','p28b.htm?open'
'噗','p28b.htm?open'
'噴','p28b.htm?open'
'嘶','p28b.htm?open'
'嘯','p28b.htm?open'
'嘰','p28b.htm?open'
'噙','p28b.htm?open'
'噫','p28b.htm?open'
'噹','p28b.htm?open'
'噩','p28b.htm?open'
'噤','p28b.htm?open'
'噸','p28b.htm?open'
'嘴','p28b.htm?open'
'噪','p29a.htm?open'
'器','p29a.htm?open'
'噥','p29a.htm?open'
'噱','p29a.htm?open'
'噯','p29a.htm?open'
'噬','p29a.htm?open'
'噢','p29a.htm?open'
'嚎','p29a.htm?open'
'嚀','p29a.htm?open'
'嚐','p29a.htm?open'
'嚅','p29a.htm?open'
'嚇','p29a.htm?open'
'嚏','p29a.htm?open'
'嚕','p29b.htm?open'
'嚮','p29b.htm?open'
'嚥','p29b.htm?open'
'嚨','p29b.htm?open'
'嚷','p29b.htm?open'
'嚶','p29b.htm?open'
'嚴','p29b.htm?open'
'嚼','p30a.htm?open'
'囁','p30a.htm?open'
'囀','p30a.htm?open'
'囂','p30a.htm?open'
'囈','p30a.htm?open'
'囊','p30a.htm?open'
'囉','p30b.htm?open'
'囌','p30b.htm?open'
'囑','p30b.htm?open'
'四','p30b.htm?open'
'囚','p30b.htm?open'
'因','p30b.htm?open'
'回','p30b.htm?open'
'囪','p30b.htm?open'
'困','p30b.htm?open'
'囤','p31a.htm?open'
'固','p31a.htm?open'
'圃','p31a.htm?open'
'圈','p31a.htm?open'
'國','p31a.htm?open'
'圍','p31a.htm?open'
'園','p31a.htm?open'
'圓','p31a.htm?open'
'團','p31a.htm?open'
'圖','p31a.htm?open'
'土','p31a.htm?open'
'圳','p31a.htm?open'
'地','p31b.htm?open'
'在','p31b.htm?open'
'圭','p31b.htm?open'
'圬','p31b.htm?open'
'圯','p31b.htm?open'
'坊','p31b.htm?open'
'坑','p31b.htm?open'
'址','p31b.htm?open'
'坍','p31b.htm?open'
'均','p31b.htm?open'
'坎','p31b.htm?open'
'圾','p31b.htm?open'
'坐','p31b.htm?open'
'坏','p32a.htm?open'
'垃','p32a.htm?open'
'坷','p32a.htm?open'
'坪','p32a.htm?open'
'坩','p32a.htm?open'
'坡','p32a.htm?open'
'坦','p32a.htm?open'
'坤','p32a.htm?open'
'坼','p32a.htm?open'
'垂','p32a.htm?open'
'型','p32a.htm?open'
'垠','p32a.htm?open'
'垣','p32a.htm?open'
'垢','p32b.htm?open'
'城','p32b.htm?open'
'垮','p32b.htm?open'
'埂','p32b.htm?open'
'埔','p32b.htm?open'
'埋','p32b.htm?open'
'埃','p32b.htm?open'
'域','p32b.htm?open'
'堅','p32b.htm?open'
'堊','p32b.htm?open'
'堆','p32b.htm?open'
'埠','p32b.htm?open'
'埤','p32b.htm?open'
'基','p33a.htm?open'
'堂','p33a.htm?open'
'堵','p33a.htm?open'
'執','p33a.htm?open'
'培','p33a.htm?open'
'堯','p33a.htm?open'
'堪','p33a.htm?open'
'場','p33a.htm?open'
'堤','p33a.htm?open'
'堰','p33a.htm?open'
'報','p33a.htm?open'
'堡','p33a.htm?open'
'塞','p33a.htm?open'
'塑','p33b.htm?open'
'塘','p33b.htm?open'
'塗','p33b.htm?open'
'塚','p33b.htm?open'
'塔','p33b.htm?open'
'填','p33b.htm?open'
'塌','p33b.htm?open'
'塭','p33b.htm?open'
'塊','p33b.htm?open'
'塢','p33b.htm?open'
'塵','p33b.htm?open'
'塾','p33b.htm?open'
'境','p33b.htm?open'
'墓','p34a.htm?open'
'墊','p34a.htm?open'
'塹','p34a.htm?open'
'墅','p34a.htm?open'
'墀','p34a.htm?open'
'墟','p34a.htm?open'
'增','p34a.htm?open'
'墳','p34a.htm?open'
'墜','p34a.htm?open'
'墮','p34a.htm?open'
'壁','p34a.htm?open'
'墾','p34a.htm?open'
'壇','p34a.htm?open'
'壅','p34b.htm?open'
'壕','p34b.htm?open'
'壓','p34b.htm?open'
'壑','p34b.htm?open'
'壙','p34b.htm?open'
'壘','p34b.htm?open'
'壞','p34b.htm?open'
'壟','p34b.htm?open'
'壢','p34b.htm?open'
'壤','p35a.htm?open'
'壩','p35a.htm?open'
'士','p35a.htm?open'
'壬','p35a.htm?open'
'壯','p35a.htm?open'
'壹','p35a.htm?open'
'壺','p35a.htm?open'
'壽','p35a.htm?open'
'夏','p35b.htm?open'
'夔','p35b.htm?open'
'夕','p35b.htm?open'
'外','p35b.htm?open'
'夙','p35b.htm?open'
'多','p35b.htm?open'
'夜','p35b.htm?open'
'夠','p35b.htm?open'
'夥','p35b.htm?open'
'夢','p35b.htm?open'
'夤','p35b.htm?open'
'大','p36a.htm?open'
'天','p36a.htm?open'
'夫','p36a.htm?open'
'太','p36a.htm?open'
'夭','p36a.htm?open'
'央','p36a.htm?open'
'失','p36a.htm?open'
'夷','p36a.htm?open'
'夸','p36a.htm?open'
'夾','p36a.htm?open'
'奉','p36a.htm?open'
'奇','p36a.htm?open'
'奈','p36b.htm?open'
'奄','p36b.htm?open'
'奔','p36b.htm?open'
'奕','p36b.htm?open'
'契','p36b.htm?open'
'奏','p36b.htm?open'
'奎','p36b.htm?open'
'奐','p36b.htm?open'
'套','p36b.htm?open'
'奘','p36b.htm?open'
'奚','p36b.htm?open'
'奢','p36b.htm?open'
'奠','p36b.htm?open'
'奧','p37a.htm?open'
'奪','p37a.htm?open'
'奩','p37a.htm?open'
'奮','p37a.htm?open'
'女','p37a.htm?open'
'奴','p37a.htm?open'
'奶','p37a.htm?open'
'妄','p37a.htm?open'
'奸','p37a.htm?open'
'妃','p37a.htm?open'
'好','p37a.htm?open'
'她','p37a.htm?open'
'如','p37b.htm?open'
'妁','p37b.htm?open'
'妝','p37b.htm?open'
'妒','p37b.htm?open'
'妨','p37b.htm?open'
'妞','p37b.htm?open'
'妣','p37b.htm?open'
'妙','p37b.htm?open'
'妖','p37b.htm?open'
'妍','p37b.htm?open'
'妤','p37b.htm?open'
'妓','p37b.htm?open'
'妊','p37b.htm?open'
'妥','p38a.htm?open'
'妾','p38a.htm?open'
'妻','p38a.htm?open'
'委','p38a.htm?open'
'妹','p38a.htm?open'
'妮','p38a.htm?open'
'姑','p38a.htm?open'
'姆','p38a.htm?open'
'姐','p38a.htm?open'
'姍','p38a.htm?open'
'始','p38a.htm?open'
'姓','p38a.htm?open'
'姊','p38a.htm?open'
'妯','p38b.htm?open'
'妳','p38b.htm?open'
'姒','p38b.htm?open'
'姜','p38b.htm?open'
'姘','p38b.htm?open'
'姿','p38b.htm?open'
'姣','p38b.htm?open'
'姨','p38b.htm?open'
'娃','p38b.htm?open'
'姥','p38b.htm?open'
'姪','p38b.htm?open'
'姚','p38b.htm?open'
'姦','p38b.htm?open'
'威','p39a.htm?open'
'姻','p39a.htm?open'
'娑','p39a.htm?open'
'娘','p39a.htm?open'
'娜','p39a.htm?open'
'娟','p39a.htm?open'
'娛','p39a.htm?open'
'娓','p39a.htm?open'
'姬','p39a.htm?open'
'娠','p39a.htm?open'
'娣','p39a.htm?open'
'娩','p39a.htm?open'
'娥','p39a.htm?open'
'娌','p39b.htm?open'
'娶','p39b.htm?open'
'婁','p39b.htm?open'
'婉','p39b.htm?open'
'婦','p39b.htm?open'
'婪','p39b.htm?open'
'婀','p39b.htm?open'
'娼','p39b.htm?open'
'婢','p39b.htm?open'
'婚','p39b.htm?open'
'婆','p39b.htm?open'
'婊','p39b.htm?open'
'婷','p39b.htm?open'
'媚','p40a.htm?open'
'婿','p40a.htm?open'
'媒','p40a.htm?open'
'媛','p40a.htm?open'
'嫁','p40a.htm?open'
'嫉','p40a.htm?open'
'嫌','p40a.htm?open'
'媾','p40a.htm?open'
'媽','p40a.htm?open'
'媼','p40a.htm?open'
'媳','p40a.htm?open'
'嫂','p40a.htm?open'
'媲','p40a.htm?open'
'嫡','p40b.htm?open'
'嫦','p40b.htm?open'
'嫩','p40b.htm?open'
'嫗','p40b.htm?open'
'嫖','p40b.htm?open'
'嫘','p40b.htm?open'
'嫣','p40b.htm?open'
'嬉','p40b.htm?open'
'嫻','p40b.htm?open'
'嬋','p40b.htm?open'
'嫵','p40b.htm?open'
'嬌','p40b.htm?open'
'嬝','p40b.htm?open'
'嬴','p41a.htm?open'
'嬰','p41a.htm?open'
'嬪','p41a.htm?open'
'嬤','p41a.htm?open'
'嬸','p41a.htm?open'
'孀','p41a.htm?open'
'子','p41a.htm?open'
'孑','p41a.htm?open'
'孓','p41a.htm?open'
'孔','p41a.htm?open'
'孕','p41b.htm?open'
'字','p41b.htm?open'
'存','p41b.htm?open'
'孝','p41b.htm?open'
'孜','p41b.htm?open'
'孚','p41b.htm?open'
'孟','p41b.htm?open'
'孤','p41b.htm?open'
'季','p41b.htm?open'
'孩','p41b.htm?open'
'孫','p41b.htm?open'
'孰','p41b.htm?open'
'孳','p41b.htm?open'
'孱','p42a.htm?open'
'孵','p42a.htm?open'
'學','p42a.htm?open'
'孺','p42a.htm?open'
'孽','p42a.htm?open'
'孿','p42a.htm?open'
'它','p42a.htm?open'
'宇','p42a.htm?open'
'守','p42a.htm?open'
'宅','p42a.htm?open'
'安','p42b.htm?open'
'完','p42b.htm?open'
'宋','p42b.htm?open'
'宏','p42b.htm?open'
'宗','p42b.htm?open'
'定','p42b.htm?open'
'官','p42b.htm?open'
'宜','p42b.htm?open'
'宙','p42b.htm?open'
'宛','p42b.htm?open'
'宣','p42b.htm?open'
'宦','p42b.htm?open'
'室','p42b.htm?open'
'客','p43a.htm?open'
'宥','p43a.htm?open'
'宰','p43a.htm?open'
'害','p43a.htm?open'
'家','p43a.htm?open'
'宴','p43a.htm?open'
'宮','p43a.htm?open'
'宵','p43a.htm?open'
'容','p43a.htm?open'
'宸','p43a.htm?open'
'寇','p43a.htm?open'
'寅','p43a.htm?open'
'寄','p43a.htm?open'
'寂','p43b.htm?open'
'宿','p43b.htm?open'
'密','p43b.htm?open'
'寒','p43b.htm?open'
'富','p43b.htm?open'
'寓','p43b.htm?open'
'寐','p43b.htm?open'
'寞','p43b.htm?open'
'寧','p43b.htm?open'
'寡','p43b.htm?open'
'寥','p43b.htm?open'
'實','p43b.htm?open'
'寨','p43b.htm?open'
'寢','p44a.htm?open'
'寤','p44a.htm?open'
'察','p44a.htm?open'
'寮','p44a.htm?open'
'寬','p44a.htm?open'
'審','p44a.htm?open'
'寫','p44a.htm?open'
'寵','p44a.htm?open'
'寶','p44a.htm?open'
'寸','p44a.htm?open'
'寺','p44b.htm?open'
'封','p44b.htm?open'
'射','p44b.htm?open'
'尉','p44b.htm?open'
'專','p44b.htm?open'
'將','p44b.htm?open'
'尊','p44b.htm?open'
'尋','p44b.htm?open'
'對','p44b.htm?open'
'導','p44b.htm?open'
'小','p44b.htm?open'
'少','p44b.htm?open'
'尖','p45a.htm?open'
'尚','p45a.htm?open'
'尤','p45a.htm?open'
'尬','p45a.htm?open'
'就','p45a.htm?open'
'尷','p45a.htm?open'
'尸','p45a.htm?open'
'尺','p45a.htm?open'
'尼','p45a.htm?open'
'局','p45a.htm?open'
'屁','p45a.htm?open'
'尿','p45b.htm?open'
'尾','p45b.htm?open'
'屈','p45b.htm?open'
'居','p45b.htm?open'
'屆','p45b.htm?open'
'屎','p45b.htm?open'
'屏','p45b.htm?open'
'屍','p45b.htm?open'
'屋','p45b.htm?open'
'屑','p45b.htm?open'
'展','p45b.htm?open'
'屐','p45b.htm?open'
'屠','p45b.htm?open'
'屜','p46a.htm?open'
'屢','p46a.htm?open'
'層','p46a.htm?open'
'履','p46a.htm?open'
'屬','p46a.htm?open'
'屯','p46a.htm?open'
'山','p46a.htm?open'
'屹','p46a.htm?open'
'岐','p46a.htm?open'
'岑','p46a.htm?open'
'岔','p46b.htm?open'
'岌','p46b.htm?open'
'岷','p46b.htm?open'
'岡','p46b.htm?open'
'岸','p46b.htm?open'
'岩','p46b.htm?open'
'岫','p46b.htm?open'
'岱','p46b.htm?open'
'岳','p46b.htm?open'
'峙','p46b.htm?open'
'峭','p46b.htm?open'
'峽','p46b.htm?open'
'峻','p46b.htm?open'
'峪','p47a.htm?open'
'峨','p47a.htm?open'
'峰','p47a.htm?open'
'島','p47a.htm?open'
'崁','p47a.htm?open'
'崇','p47a.htm?open'
'崆','p47a.htm?open'
'崎','p47a.htm?open'
'崛','p47a.htm?open'
'崖','p47a.htm?open'
'崢','p47a.htm?open'
'崑','p47a.htm?open'
'崩','p47a.htm?open'
'崔','p47b.htm?open'
'崙','p47b.htm?open'
'嵌','p47b.htm?open'
'嵐','p47b.htm?open'
'嵩','p47b.htm?open'
'嶄','p47b.htm?open'
'嶇','p47b.htm?open'
'嶝','p47b.htm?open'
'嶼','p47b.htm?open'
'嶺','p47b.htm?open'
'嶽','p47b.htm?open'
'巍','p47b.htm?open'
'巔','p48a.htm?open'
'巒','p48a.htm?open'
'巖','p48a.htm?open'
'川','p48a.htm?open'
'州','p48a.htm?open'
'巢','p48a.htm?open'
'工','p48a.htm?open'
'巨','p48a.htm?open'
'巧','p48b.htm?open'
'左','p48b.htm?open'
'巫','p48b.htm?open'
'差','p48b.htm?open'
'己','p48b.htm?open'
'已','p48b.htm?open'
'巳','p48b.htm?open'
'巴','p48b.htm?open'
'巷','p48b.htm?open'
'巽','p48b.htm?open'
'巾','p48b.htm?open'
'市','p49a.htm?open'
'布','p49a.htm?open'
'帆','p49a.htm?open'
'希','p49a.htm?open'
'帘','p49a.htm?open'
'帚','p49a.htm?open'
'帖','p49a.htm?open'
'帕','p49a.htm?open'
'帛','p49a.htm?open'
'帑','p49a.htm?open'
'帝','p49a.htm?open'
'帥','p49a.htm?open'
'席','p49a.htm?open'
'師','p49b.htm?open'
'常','p49b.htm?open'
'帶','p49b.htm?open'
'帳','p49b.htm?open'
'帷','p49b.htm?open'
'幅','p49b.htm?open'
'帽','p49b.htm?open'
'幀','p49b.htm?open'
'幌','p49b.htm?open'
'幛','p49b.htm?open'
'幣','p49b.htm?open'
'幕','p49b.htm?open'
'幗','p49b.htm?open'
'幔','p50a.htm?open'
'幢','p50a.htm?open'
'幟','p50a.htm?open'
'幫','p50a.htm?open'
'干','p50a.htm?open'
'平','p50a.htm?open'
'并','p50a.htm?open'
'年','p50a.htm?open'
'幸','p50a.htm?open'
'幹','p50a.htm?open'
'幻','p50a.htm?open'
'幼','p50b.htm?open'
'幽','p50b.htm?open'
'幾','p50b.htm?open'
'序','p50b.htm?open'
'庇','p50b.htm?open'
'床','p50b.htm?open'
'庚','p50b.htm?open'
'店','p50b.htm?open'
'府','p50b.htm?open'
'底','p50b.htm?open'
'庖','p50b.htm?open'
'庠','p50b.htm?open'
'度','p51a.htm?open'
'庫','p51a.htm?open'
'庭','p51a.htm?open'
'座','p51a.htm?open'
'康','p51a.htm?open'
'庸','p51a.htm?open'
'庶','p51a.htm?open'
'庵','p51a.htm?open'
'庾','p51a.htm?open'
'廊','p51a.htm?open'
'廁','p51a.htm?open'
'廂','p51a.htm?open'
'廉','p51a.htm?open'
'廈','p51b.htm?open'
'廓','p51b.htm?open'
'廖','p51b.htm?open'
'廢','p51b.htm?open'
'廚','p51b.htm?open'
'廟','p51b.htm?open'
'廝','p51b.htm?open'
'廣','p51b.htm?open'
'廠','p51b.htm?open'
'龐','p51b.htm?open'
'廬','p51b.htm?open'
'廳','p52a.htm?open'
'廷','p52a.htm?open'
'延','p52a.htm?open'
'建','p52a.htm?open'
'廿','p52a.htm?open'
'弁','p52a.htm?open'
'弄','p52a.htm?open'
'弈','p52a.htm?open'
'弊','p52a.htm?open'
'式','p52b.htm?open'
'弒','p52b.htm?open'
'弓','p52b.htm?open'
'弔','p52b.htm?open'
'引','p52b.htm?open'
'弘','p52b.htm?open'
'弗','p52b.htm?open'
'弛','p52b.htm?open'
'弟','p52b.htm?open'
'弦','p52b.htm?open'
'弧','p52b.htm?open'
'弩','p52b.htm?open'
'弭','p53a.htm?open'
'弱','p53a.htm?open'
'張','p53a.htm?open'
'強','p53a.htm?open'
'弼','p53a.htm?open'
'彆','p53a.htm?open'
'彈','p53a.htm?open'
'彌','p53a.htm?open'
'彎','p53a.htm?open'
'彗','p53a.htm?open'
'彙','p53a.htm?open'
'彝','p53b.htm?open'
'彤','p53b.htm?open'
'形','p53b.htm?open'
'彥','p53b.htm?open'
'彬','p53b.htm?open'
'彩','p53b.htm?open'
'彫','p53b.htm?open'
'彭','p53b.htm?open'
'彰','p53b.htm?open'
'影','p53b.htm?open'
'彷','p54a.htm?open'
'役','p54a.htm?open'
'往','p54a.htm?open'
'征','p54a.htm?open'
'彿','p54a.htm?open'
'彼','p54a.htm?open'
'很','p54a.htm?open'
'待','p54a.htm?open'
'徊','p54a.htm?open'
'律','p54a.htm?open'
'徇','p54a.htm?open'
'後','p54a.htm?open'
'徒','p54a.htm?open'
'徑','p54b.htm?open'
'徐','p54b.htm?open'
'得','p54b.htm?open'
'徙','p54b.htm?open'
'從','p54b.htm?open'
'徘','p54b.htm?open'
'御','p54b.htm?open'
'復','p54b.htm?open'
'循','p54b.htm?open'
'徨','p54b.htm?open'
'徬','p54b.htm?open'
'微','p54b.htm?open'
'徹','p54b.htm?open'
'德','p55a.htm?open'
'徵','p55a.htm?open'
'徽','p55a.htm?open'
'心','p55a.htm?open'
'必','p55a.htm?open'
'忙','p55a.htm?open'
'忖','p55a.htm?open'
'忘','p55a.htm?open'
'忌','p55a.htm?open'
'志','p55a.htm?open'
'忍','p55a.htm?open'
'忱','p55a.htm?open'
'快','p55b.htm?open'
'忝','p55b.htm?open'
'忠','p55b.htm?open'
'忽','p55b.htm?open'
'念','p55b.htm?open'
'忿','p55b.htm?open'
'怏','p55b.htm?open'
'怔','p55b.htm?open'
'怯','p55b.htm?open'
'怵','p55b.htm?open'
'怖','p55b.htm?open'
'怪','p55b.htm?open'
'怕','p55b.htm?open'
'怡','p56a.htm?open'
'性','p56a.htm?open'
'怒','p56a.htm?open'
'思','p56a.htm?open'
'怠','p56a.htm?open'
'急','p56a.htm?open'
'怎','p56a.htm?open'
'怨','p56a.htm?open'
'恍','p56a.htm?open'
'恰','p56a.htm?open'
'恨','p56a.htm?open'
'恢','p56a.htm?open'
'恆','p56a.htm?open'
'恃','p56b.htm?open'
'恬','p56b.htm?open'
'恫','p56b.htm?open'
'恪','p56b.htm?open'
'恤','p56b.htm?open'
'恙','p56b.htm?open'
'恣','p56b.htm?open'
'恥','p56b.htm?open'
'恐','p56b.htm?open'
'恕','p56b.htm?open'
'恭','p56b.htm?open'
'恩','p56b.htm?open'
'息','p56b.htm?open'
'悄','p57a.htm?open'
'悟','p57a.htm?open'
'悚','p57a.htm?open'
'悍','p57a.htm?open'
'悔','p57a.htm?open'
'悌','p57a.htm?open'
'悅','p57a.htm?open'
'悖','p57a.htm?open'
'恿','p57a.htm?open'
'患','p57a.htm?open'
'悉','p57a.htm?open'
'悠','p57a.htm?open'
'您','p57a.htm?open'
'惋','p57b.htm?open'
'悴','p57b.htm?open'
'惦','p57b.htm?open'
'悽','p57b.htm?open'
'情','p57b.htm?open'
'悻','p57b.htm?open'
'悵','p57b.htm?open'
'惜','p57b.htm?open'
'悼','p57b.htm?open'
'惘','p57b.htm?open'
'惕','p57b.htm?open'
'惆','p57b.htm?open'
'惟','p57b.htm?open'
'悸','p58a.htm?open'
'惚','p58a.htm?open'
'惑','p58a.htm?open'
'惡','p58a.htm?open'
'悲','p58a.htm?open'
'悶','p58a.htm?open'
'惠','p58a.htm?open'
'愜','p58a.htm?open'
'愣','p58a.htm?open'
'惺','p58a.htm?open'
'愕','p58a.htm?open'
'惰','p58a.htm?open'
'惻','p58a.htm?open'
'惴','p58b.htm?open'
'慨','p58b.htm?open'
'惱','p58b.htm?open'
'愎','p58b.htm?open'
'惶','p58b.htm?open'
'愉','p58b.htm?open'
'愀','p58b.htm?open'
'愚','p58b.htm?open'
'意','p58b.htm?open'
'慈','p58b.htm?open'
'感','p58b.htm?open'
'想','p58b.htm?open'
'愛','p58b.htm?open'
'惹','p59a.htm?open'
'愁','p59a.htm?open'
'愈','p59a.htm?open'
'慎','p59a.htm?open'
'慌','p59a.htm?open'
'慄','p59a.htm?open'
'慍','p59a.htm?open'
'愾','p59a.htm?open'
'愴','p59a.htm?open'
'愧','p59a.htm?open'
'慇','p59a.htm?open'
'愿','p59a.htm?open'
'態','p59a.htm?open'
'慷','p59b.htm?open'
'慢','p59b.htm?open'
'慣','p59b.htm?open'
'慟','p59b.htm?open'
'慚','p59b.htm?open'
'慘','p59b.htm?open'
'慶','p59b.htm?open'
'慧','p59b.htm?open'
'慮','p59b.htm?open'
'慝','p59b.htm?open'
'慕','p59b.htm?open'
'憂','p59b.htm?open'
'慼','p59b.htm?open'
'慰','p60a.htm?open'
'慫','p60a.htm?open'
'慾','p60a.htm?open'
'憧','p60a.htm?open'
'憐','p60a.htm?open'
'憫','p60a.htm?open'
'憎','p60a.htm?open'
'憬','p60a.htm?open'
'憚','p60a.htm?open'
'憤','p60a.htm?open'
'憔','p60a.htm?open'
'憲','p60a.htm?open'
'憑','p60a.htm?open'
'憩','p60b.htm?open'
'憊','p60b.htm?open'
'懍','p60b.htm?open'
'憶','p60b.htm?open'
'憾','p60b.htm?open'
'懂','p60b.htm?open'
'懊','p60b.htm?open'
'懈','p60b.htm?open'
'應','p60b.htm?open'
'懇','p60b.htm?open'
'懦','p60b.htm?open'
'懣','p60b.htm?open'
'懲','p61a.htm?open'
'懷','p61a.htm?open'
'懶','p61a.htm?open'
'懵','p61a.htm?open'
'懸','p61a.htm?open'
'懺','p61a.htm?open'
'懼','p61a.htm?open'
'懾','p61b.htm?open'
'懿','p61b.htm?open'
'戀','p61b.htm?open'
'戈','p61b.htm?open'
'戊','p61b.htm?open'
'戎','p61b.htm?open'
'戌','p61b.htm?open'
'戍','p61b.htm?open'
'成','p62a.htm?open'
'戒','p62a.htm?open'
'我','p62a.htm?open'
'或','p62a.htm?open'
'戕','p62a.htm?open'
'戚','p62a.htm?open'
'戛','p62a.htm?open'
'戟','p62a.htm?open'
'戡','p62a.htm?open'
'戢','p62a.htm?open'
'截','p62a.htm?open'
'戮','p62a.htm?open'
'戰','p62a.htm?open'
'戲','p62b.htm?open'
'戴','p62b.htm?open'
'戳','p62b.htm?open'
'戶','p62b.htm?open'
'房','p62b.htm?open'
'戾','p62b.htm?open'
'所','p62b.htm?open'
'扁','p62b.htm?open'
'扇','p62b.htm?open'
'扈','p62b.htm?open'
'扉','p62b.htm?open'
'才','p63a.htm?open'
'手','p63a.htm?open'
'扎','p63a.htm?open'
'打','p63a.htm?open'
'扔','p63a.htm?open'
'扒','p63a.htm?open'
'扣','p63a.htm?open'
'扛','p63a.htm?open'
'托','p63a.htm?open'
'抄','p63a.htm?open'
'抗','p63a.htm?open'
'抖','p63a.htm?open'
'技','p63b.htm?open'
'扶','p63b.htm?open'
'抉','p63b.htm?open'
'扭','p63b.htm?open'
'把','p63b.htm?open'
'扼','p63b.htm?open'
'找','p63b.htm?open'
'批','p63b.htm?open'
'扳','p63b.htm?open'
'抒','p63b.htm?open'
'扯','p63b.htm?open'
'折','p63b.htm?open'
'扮','p63b.htm?open'
'投','p64a.htm?open'
'抓','p64a.htm?open'
'抑','p64a.htm?open'
'承','p64a.htm?open'
'拉','p64a.htm?open'
'拌','p64a.htm?open'
'拄','p64a.htm?open'
'抿','p64a.htm?open'
'拂','p64a.htm?open'
'抹','p64a.htm?open'
'拒','p64a.htm?open'
'招','p64a.htm?open'
'披','p64a.htm?open'
'拓','p64b.htm?open'
'拔','p64b.htm?open'
'拋','p64b.htm?open'
'拈','p64b.htm?open'
'抨','p64b.htm?open'
'抽','p64b.htm?open'
'押','p64b.htm?open'
'拐','p64b.htm?open'
'拙','p64b.htm?open'
'拇','p64b.htm?open'
'拍','p64b.htm?open'
'抵','p64b.htm?open'
'拚','p64b.htm?open'
'抱','p65a.htm?open'
'拘','p65a.htm?open'
'拖','p65a.htm?open'
'拗','p65a.htm?open'
'拆','p65a.htm?open'
'抬','p65a.htm?open'
'拎','p65a.htm?open'
'拜','p65a.htm?open'
'挖','p65a.htm?open'
'按','p65a.htm?open'
'拼','p65a.htm?open'
'拭','p65a.htm?open'
'持','p65a.htm?open'
'拮','p65b.htm?open'
'拽','p65b.htm?open'
'指','p65b.htm?open'
'拱','p65b.htm?open'
'拷','p65b.htm?open'
'拯','p65b.htm?open'
'括','p65b.htm?open'
'拾','p65b.htm?open'
'拴','p65b.htm?open'
'挑','p65b.htm?open'
'拳','p65b.htm?open'
'挈','p65b.htm?open'
'拿','p65b.htm?open'
'捎','p66a.htm?open'
'挾','p66a.htm?open'
'振','p66a.htm?open'
'捕','p66a.htm?open'
'捂','p66a.htm?open'
'捆','p66a.htm?open'
'捏','p66a.htm?open'
'捉','p66a.htm?open'
'挺','p66a.htm?open'
'捐','p66a.htm?open'
'挽','p66a.htm?open'
'挪','p66a.htm?open'
'挫','p66a.htm?open'
'挨','p66b.htm?open'
'掠','p66b.htm?open'
'控','p66b.htm?open'
'捲','p66b.htm?open'
'掖','p66b.htm?open'
'探','p66b.htm?open'
'接','p66b.htm?open'
'捷','p66b.htm?open'
'捧','p66b.htm?open'
'掘','p66b.htm?open'
'措','p66b.htm?open'
'捱','p66b.htm?open'
'掩','p66b.htm?open'
'掉','p67a.htm?open'
'掃','p67a.htm?open'
'掛','p67a.htm?open'
'捫','p67a.htm?open'
'推','p67a.htm?open'
'掄','p67a.htm?open'
'授','p67a.htm?open'
'掙','p67a.htm?open'
'採','p67a.htm?open'
'掬','p67a.htm?open'
'排','p67a.htm?open'
'掏','p67a.htm?open'
'掀','p67a.htm?open'
'捻','p67b.htm?open'
'捩','p67b.htm?open'
'捨','p67b.htm?open'
'掣','p67b.htm?open'
'掌','p67b.htm?open'
'描','p67b.htm?open'
'揀','p67b.htm?open'
'揩','p67b.htm?open'
'揉','p67b.htm?open'
'揆','p67b.htm?open'
'揍','p67b.htm?open'
'插','p67b.htm?open'
'揣','p67b.htm?open'
'提','p68a.htm?open'
'握','p68a.htm?open'
'揖','p68a.htm?open'
'揭','p68a.htm?open'
'揮','p68a.htm?open'
'捶','p68a.htm?open'
'援','p68a.htm?open'
'揪','p68a.htm?open'
'換','p68a.htm?open'
'摒','p68a.htm?open'
'揚','p68a.htm?open'
'搓','p68a.htm?open'
'搾','p68a.htm?open'
'搞','p68b.htm?open'
'搪','p68b.htm?open'
'搭','p68b.htm?open'
'搽','p68b.htm?open'
'搬','p68b.htm?open'
'搏','p68b.htm?open'
'搜','p68b.htm?open'
'搔','p68b.htm?open'
'損','p68b.htm?open'
'搶','p68b.htm?open'
'搖','p68b.htm?open'
'搗','p68b.htm?open'
'撇','p68b.htm?open'
'摘','p69a.htm?open'
'摔','p69a.htm?open'
'撤','p69a.htm?open'
'摸','p69a.htm?open'
'摟','p69a.htm?open'
'摺','p69a.htm?open'
'摑','p69a.htm?open'
'摧','p69a.htm?open'
'摩','p69a.htm?open'
'摯','p69a.htm?open'
'摹','p69a.htm?open'
'撞','p69a.htm?open'
'撲','p69a.htm?open'
'撈','p69b.htm?open'
'撐','p69b.htm?open'
'撰','p69b.htm?open'
'撥','p69b.htm?open'
'撓','p69b.htm?open'
'撕','p69b.htm?open'
'撩','p69b.htm?open'
'撒','p69b.htm?open'
'撮','p69b.htm?open'
'播','p69b.htm?open'
'撫','p69b.htm?open'
'撚','p69b.htm?open'
'撬','p69b.htm?open'
'擅','p70a.htm?open'
'擁','p70a.htm?open'
'擋','p70a.htm?open'
'撻','p70a.htm?open'
'撼','p70a.htm?open'
'據','p70a.htm?open'
'擄','p70a.htm?open'
'擇','p70a.htm?open'
'擂','p70a.htm?open'
'操','p70a.htm?open'
'撿','p70a.htm?open'
'擒','p70a.htm?open'
'擔','p70a.htm?open'
'擎','p70b.htm?open'
'擊','p70b.htm?open'
'擘','p70b.htm?open'
'擠','p70b.htm?open'
'擰','p70b.htm?open'
'擦','p70b.htm?open'
'擬','p70b.htm?open'
'擱','p70b.htm?open'
'擴','p70b.htm?open'
'擲','p70b.htm?open'
'擾','p70b.htm?open'
'攆','p71a.htm?open'
'擺','p71a.htm?open'
'擻','p71a.htm?open'
'攀','p71a.htm?open'
'攏','p71a.htm?open'
'攘','p71a.htm?open'
'攔','p71b.htm?open'
'攙','p71b.htm?open'
'攝','p71b.htm?open'
'攜','p71b.htm?open'
'攤','p71b.htm?open'
'攣','p71b.htm?open'
'攫','p71b.htm?open'
'攪','p72a.htm?open'
'攬','p72a.htm?open'
'支','p72a.htm?open'
'收','p72a.htm?open'
'改','p72a.htm?open'
'攻','p72a.htm?open'
'放','p72a.htm?open'
'政','p72a.htm?open'
'故','p72b.htm?open'
'效','p72b.htm?open'
'敝','p72b.htm?open'
'敖','p72b.htm?open'
'救','p72b.htm?open'
'教','p72b.htm?open'
'敗','p72b.htm?open'
'啟','p72b.htm?open'
'敏','p72b.htm?open'
'敘','p72b.htm?open'
'敞','p72b.htm?open'
'敦','p72b.htm?open'
'敢','p72b.htm?open'
'散','p73a.htm?open'
'敬','p73a.htm?open'
'敲','p73a.htm?open'
'敵','p73a.htm?open'
'敷','p73a.htm?open'
'數','p73a.htm?open'
'整','p73a.htm?open'
'斂','p73a.htm?open'
'斃','p73a.htm?open'
'文','p73a.htm?open'
'斑','p73a.htm?open'
'斐','p73a.htm?open'
'斗','p73b.htm?open'
'料','p73b.htm?open'
'斜','p73b.htm?open'
'斟','p73b.htm?open'
'斡','p73b.htm?open'
'斤','p73b.htm?open'
'斥','p73b.htm?open'
'斧','p73b.htm?open'
'斫','p73b.htm?open'
'斬','p73b.htm?open'
'斯','p73b.htm?open'
'新','p74a.htm?open'
'斷','p74a.htm?open'
'方','p74a.htm?open'
'於','p74a.htm?open'
'施','p74a.htm?open'
'旁','p74a.htm?open'
'旅','p74a.htm?open'
'族','p74a.htm?open'
'旋','p74a.htm?open'
'旌','p74a.htm?open'
'旎','p74a.htm?open'
'旗','p74b.htm?open'
'旖','p74b.htm?open'
'既','p74b.htm?open'
'日','p74b.htm?open'
'旦','p74b.htm?open'
'早','p74b.htm?open'
'旨','p74b.htm?open'
'旬','p74b.htm?open'
'旭','p74b.htm?open'
'旱','p74b.htm?open'
'旺','p74b.htm?open'
'昔','p75a.htm?open'
'易','p75a.htm?open'
'昌','p75a.htm?open'
'昆','p75a.htm?open'
'昂','p75a.htm?open'
'明','p75a.htm?open'
'昀','p75a.htm?open'
'昏','p75a.htm?open'
'春','p75a.htm?open'
'昭','p75a.htm?open'
'映','p75a.htm?open'
'昧','p75a.htm?open'
'是','p75a.htm?open'
'星','p75b.htm?open'
'昨','p75b.htm?open'
'時','p75b.htm?open'
'晉','p75b.htm?open'
'晏','p75b.htm?open'
'晃','p75b.htm?open'
'晒','p75b.htm?open'
'晌','p75b.htm?open'
'晝','p75b.htm?open'
'晚','p75b.htm?open'
'晤','p75b.htm?open'
'晨','p75b.htm?open'
'晦','p75b.htm?open'
'普','p76a.htm?open'
'晰','p76a.htm?open'
'晴','p76a.htm?open'
'晶','p76a.htm?open'
'景','p76a.htm?open'
'暑','p76a.htm?open'
'智','p76a.htm?open'
'暗','p76a.htm?open'
'暉','p76a.htm?open'
'暇','p76a.htm?open'
'暈','p76a.htm?open'
'暖','p76a.htm?open'
'暢','p76a.htm?open'
'暨','p76b.htm?open'
'暮','p76b.htm?open'
'暫','p76b.htm?open'
'暴','p76b.htm?open'
'曆','p76b.htm?open'
'曉','p76b.htm?open'
'暹','p76b.htm?open'
'曙','p76b.htm?open'
'曖','p76b.htm?open'
'曠','p76b.htm?open'
'曝','p76b.htm?open'
'曦','p77a.htm?open'
'曰','p77a.htm?open'
'曲','p77a.htm?open'
'曳','p77a.htm?open'
'更','p77a.htm?open'
'曷','p77a.htm?open'
'書','p77a.htm?open'
'曹','p77a.htm?open'
'勗','p77a.htm?open'
'曾','p77a.htm?open'
'替','p77a.htm?open'
'會','p77b.htm?open'
'月','p77b.htm?open'
'有','p77b.htm?open'
'服','p77b.htm?open'
'朋','p77b.htm?open'
'朔','p77b.htm?open'
'朕','p77b.htm?open'
'朗','p77b.htm?open'
'望','p77b.htm?open'
'期','p77b.htm?open'
'朝','p77b.htm?open'
'朦','p77b.htm?open'
'朧','p78a.htm?open'
'木','p78a.htm?open'
'朮','p78a.htm?open'
'本','p78a.htm?open'
'未','p78a.htm?open'
'末','p78a.htm?open'
'札','p78a.htm?open'
'朽','p78a.htm?open'
'朴','p78a.htm?open'
'朱','p78a.htm?open'
'朵','p78b.htm?open'
'束','p78b.htm?open'
'李','p78b.htm?open'
'杏','p78b.htm?open'
'材','p78b.htm?open'
'村','p78b.htm?open'
'杜','p78b.htm?open'
'杖','p78b.htm?open'
'杞','p78b.htm?open'
'杉','p78b.htm?open'
'杭','p78b.htm?open'
'枋','p78b.htm?open'
'枕','p78b.htm?open'
'東','p79a.htm?open'
'果','p79a.htm?open'
'杳','p79a.htm?open'
'杷','p79a.htm?open'
'枇','p79a.htm?open'
'枝','p79a.htm?open'
'林','p79a.htm?open'
'杯','p79a.htm?open'
'杰','p79a.htm?open'
'板','p79a.htm?open'
'枉','p79a.htm?open'
'松','p79a.htm?open'
'析','p79a.htm?open'
'杵','p79b.htm?open'
'枚','p79b.htm?open'
'柿','p79b.htm?open'
'染','p79b.htm?open'
'柱','p79b.htm?open'
'柔','p79b.htm?open'
'某','p79b.htm?open'
'柬','p79b.htm?open'
'架','p79b.htm?open'
'枯','p79b.htm?open'
'柵','p79b.htm?open'
'柩','p79b.htm?open'
'柯','p79b.htm?open'
'柄','p80a.htm?open'
'柑','p80a.htm?open'
'枴','p80a.htm?open'
'柚','p80a.htm?open'
'查','p80a.htm?open'
'枸','p80a.htm?open'
'柏','p80a.htm?open'
'柞','p80a.htm?open'
'柳','p80a.htm?open'
'校','p80a.htm?open'
'核','p80a.htm?open'
'案','p80a.htm?open'
'框','p80a.htm?open'
'桓','p80b.htm?open'
'根','p80b.htm?open'
'桂','p80b.htm?open'
'桔','p80b.htm?open'
'栩','p80b.htm?open'
'梳','p80b.htm?open'
'栗','p80b.htm?open'
'桌','p80b.htm?open'
'桑','p80b.htm?open'
'栽','p80b.htm?open'
'柴','p80b.htm?open'
'桐','p80b.htm?open'
'桀','p80b.htm?open'
'格','p81a.htm?open'
'桃','p81a.htm?open'
'株','p81a.htm?open'
'桅','p81a.htm?open'
'栓','p81a.htm?open'
'梁','p81a.htm?open'
'梯','p81a.htm?open'
'梢','p81a.htm?open'
'梓','p81a.htm?open'
'梵','p81a.htm?open'
'桿','p81a.htm?open'
'桶','p81a.htm?open'
'梱','p81a.htm?open'
'梧','p81b.htm?open'
'梗','p81b.htm?open'
'械','p81b.htm?open'
'梃','p81b.htm?open'
'棄','p81b.htm?open'
'梭','p81b.htm?open'
'梆','p81b.htm?open'
'梅','p81b.htm?open'
'梔','p81b.htm?open'
'條','p81b.htm?open'
'梨','p81b.htm?open'
'梟','p81b.htm?open'
'棺','p81b.htm?open'
'棕','p82a.htm?open'
'棠','p82a.htm?open'
'棘','p82a.htm?open'
'棗','p82a.htm?open'
'椅','p82a.htm?open'
'棟','p82a.htm?open'
'棵','p82a.htm?open'
'森','p82a.htm?open'
'棧','p82a.htm?open'
'棹','p82a.htm?open'
'棒','p82a.htm?open'
'棲','p82a.htm?open'
'棣','p82a.htm?open'
'棋','p82b.htm?open'
'棍','p82b.htm?open'
'植','p82b.htm?open'
'椒','p82b.htm?open'
'椎','p82b.htm?open'
'棉','p82b.htm?open'
'棚','p82b.htm?open'
'榔','p82b.htm?open'
'業','p82b.htm?open'
'楚','p82b.htm?open'
'楷','p82b.htm?open'
'楠','p82b.htm?open'
'楔','p82b.htm?open'
'極','p83a.htm?open'
'椰','p83a.htm?open'
'概','p83a.htm?open'
'楊','p83a.htm?open'
'楨','p83a.htm?open'
'楫','p83a.htm?open'
'楞','p83a.htm?open'
'楓','p83a.htm?open'
'楹','p83a.htm?open'
'榆','p83a.htm?open'
'榜','p83a.htm?open'
'榨','p83a.htm?open'
'榕','p83a.htm?open'
'槁','p83b.htm?open'
'榮','p83b.htm?open'
'槓','p83b.htm?open'
'構','p83b.htm?open'
'榛','p83b.htm?open'
'榷','p83b.htm?open'
'榻','p83b.htm?open'
'榫','p83b.htm?open'
'榴','p83b.htm?open'
'槐','p83b.htm?open'
'槍','p83b.htm?open'
'榭','p83b.htm?open'
'槌','p83b.htm?open'
'樣','p84a.htm?open'
'樟','p84a.htm?open'
'槨','p84a.htm?open'
'樁','p84a.htm?open'
'樞','p84a.htm?open'
'標','p84a.htm?open'
'槽','p84a.htm?open'
'模','p84a.htm?open'
'樓','p84a.htm?open'
'樊','p84a.htm?open'
'槳','p84a.htm?open'
'樂','p84a.htm?open'
'樅','p84a.htm?open'
'樽','p84b.htm?open'
'樸','p84b.htm?open'
'樺','p84b.htm?open'
'橙','p84b.htm?open'
'橫','p84b.htm?open'
'橘','p84b.htm?open'
'樹','p84b.htm?open'
'橄','p84b.htm?open'
'橢','p84b.htm?open'
'橡','p84b.htm?open'
'橋','p84b.htm?open'
'橇','p84b.htm?open'
'樵','p84b.htm?open'
'機','p85a.htm?open'
'檀','p85a.htm?open'
'檔','p85a.htm?open'
'檄','p85a.htm?open'
'檢','p85a.htm?open'
'檜','p85a.htm?open'
'櫛','p85a.htm?open'
'檳','p85a.htm?open'
'檬','p85a.htm?open'
'櫃','p85a.htm?open'
'檻','p85b.htm?open'
'檸','p85b.htm?open'
'櫂','p85b.htm?open'
'櫥','p85b.htm?open'
'櫝','p85b.htm?open'
'櫚','p85b.htm?open'
'櫓','p85b.htm?open'
'櫻','p86a.htm?open'
'欄','p86a.htm?open'
'權','p86a.htm?open'
'欖','p86a.htm?open'
'欠','p86a.htm?open'
'次','p86a.htm?open'
'欣','p86a.htm?open'
'欲','p86b.htm?open'
'款','p86b.htm?open'
'欺','p86b.htm?open'
'欽','p86b.htm?open'
'歇','p86b.htm?open'
'歉','p86b.htm?open'
'歌','p86b.htm?open'
'歐','p86b.htm?open'
'歙','p86b.htm?open'
'歟','p86b.htm?open'
'歡','p86b.htm?open'
'止','p87a.htm?open'
'正','p87a.htm?open'
'此','p87a.htm?open'
'步','p87a.htm?open'
'武','p87a.htm?open'
'歧','p87a.htm?open'
'歪','p87a.htm?open'
'歲','p87a.htm?open'
'歷','p87a.htm?open'
'歸','p87a.htm?open'
'歹','p87b.htm?open'
'死','p87b.htm?open'
'歿','p87b.htm?open'
'殃','p87b.htm?open'
'殆','p87b.htm?open'
'殊','p87b.htm?open'
'殉','p87b.htm?open'
'殘','p87b.htm?open'
'殖','p87b.htm?open'
'殤','p87b.htm?open'
'殮','p87b.htm?open'
'殯','p87b.htm?open'
'殲','p88a.htm?open'
'段','p88a.htm?open'
'殷','p88a.htm?open'
'殺','p88a.htm?open'
'殼','p88a.htm?open'
'毀','p88a.htm?open'
'殿','p88a.htm?open'
'毅','p88a.htm?open'
'毆','p88a.htm?open'
'毋','p88a.htm?open'
'母','p88b.htm?open'
'每','p88b.htm?open'
'毒','p88b.htm?open'
'毓','p88b.htm?open'
'比','p88b.htm?open'
'毗','p88b.htm?open'
'毛','p88b.htm?open'
'毫','p88b.htm?open'
'毯','p88b.htm?open'
'毽','p88b.htm?open'
'氏','p89a.htm?open'
'民','p89a.htm?open'
'氐','p89a.htm?open'
'氓','p89a.htm?open'
'氖','p89a.htm?open'
'氛','p89a.htm?open'
'氟','p89a.htm?open'
'氣','p89a.htm?open'
'氧','p89a.htm?open'
'氨','p89a.htm?open'
'氦','p89a.htm?open'
'氤','p89a.htm?open'
'氫','p89b.htm?open'
'氮','p89b.htm?open'
'氯','p89b.htm?open'
'氳','p89b.htm?open'
'水','p89b.htm?open'
'永','p89b.htm?open'
'汁','p89b.htm?open'
'汀','p89b.htm?open'
'氾','p89b.htm?open'
'汝','p89b.htm?open'
'汗','p89b.htm?open'
'汙','p90a.htm?open'
'江','p90a.htm?open'
'池','p90a.htm?open'
'汐','p90a.htm?open'
'汕','p90a.htm?open'
'求','p89b.htm?open'
'汞','p90a.htm?open'
'沙','p90a.htm?open'
'沁','p90a.htm?open'
'沈','p90a.htm?open'
'沉','p90a.htm?open'
'浣','p90a.htm?open'
'汪','p90a.htm?open'
'決','p90b.htm?open'
'沐','p90b.htm?open'
'汰','p90b.htm?open'
'沌','p90b.htm?open'
'汨','p90b.htm?open'
'沖','p90b.htm?open'
'沒','p90b.htm?open'
'汽','p90b.htm?open'
'沃','p90b.htm?open'
'汲','p90b.htm?open'
'汾','p90b.htm?open'
'泣','p90b.htm?open'
'注','p90b.htm?open'
'泳','p91a.htm?open'
'沱','p91a.htm?open'
'泌','p91a.htm?open'
'泥','p91a.htm?open'
'河','p91a.htm?open'
'沽','p91a.htm?open'
'沾','p91a.htm?open'
'沼','p91a.htm?open'
'波','p91a.htm?open'
'沫','p91a.htm?open'
'法','p91a.htm?open'
'泓','p91a.htm?open'
'沸','p91a.htm?open'
'泄','p91b.htm?open'
'油','p91b.htm?open'
'況','p91b.htm?open'
'沮','p91b.htm?open'
'泗','p91b.htm?open'
'泅','p91b.htm?open'
'泱','p91b.htm?open'
'沿','p91b.htm?open'
'治','p91b.htm?open'
'泡','p91b.htm?open'
'泛','p91b.htm?open'
'泊','p91b.htm?open'
'泉','p91b.htm?open'
'洋','p92a.htm?open'
'洲','p92a.htm?open'
'洪','p92a.htm?open'
'流','p92a.htm?open'
'津','p92a.htm?open'
'洌','p92a.htm?open'
'洱','p92a.htm?open'
'洞','p92a.htm?open'
'洗','p92a.htm?open'
'活','p92a.htm?open'
'洽','p92a.htm?open'
'派','p92a.htm?open'
'洶','p92b.htm?open'
'洛','p92b.htm?open'
'泰','p92a.htm?open'
'浪','p92b.htm?open'
'涕','p92b.htm?open'
'消','p92b.htm?open'
'涇','p92b.htm?open'
'浦','p92b.htm?open'
'浸','p92b.htm?open'
'海','p92b.htm?open'
'浙','p92b.htm?open'
'涓','p92b.htm?open'
'浬','p92b.htm?open'
'涉','p92b.htm?open'
'浮','p93a.htm?open'
'浚','p93a.htm?open'
'浴','p93a.htm?open'
'浩','p93a.htm?open'
'涎','p93a.htm?open'
'涼','p93a.htm?open'
'淳','p93a.htm?open'
'淙','p93a.htm?open'
'液','p93a.htm?open'
'淡','p93a.htm?open'
'淌','p93a.htm?open'
'淤','p93a.htm?open'
'添','p93a.htm?open'
'淺','p93b.htm?open'
'清','p93b.htm?open'
'淇','p93b.htm?open'
'淋','p93b.htm?open'
'涯','p93b.htm?open'
'淑','p93b.htm?open'
'涮','p93b.htm?open'
'淞','p93b.htm?open'
'淹','p93b.htm?open'
'涸','p93b.htm?open'
'混','p93b.htm?open'
'淵','p93b.htm?open'
'淅','p93b.htm?open'
'淒','p94a.htm?open'
'渚','p94a.htm?open'
'涵','p94a.htm?open'
'淚','p94a.htm?open'
'淫','p94a.htm?open'
'淘','p94a.htm?open'
'淪','p94a.htm?open'
'深','p94a.htm?open'
'淮','p94a.htm?open'
'淨','p94a.htm?open'
'淆','p94a.htm?open'
'淄','p94a.htm?open'
'港','p94a.htm?open'
'游','p94b.htm?open'
'湔','p94b.htm?open'
'渡','p94b.htm?open'
'渲','p94b.htm?open'
'湧','p94b.htm?open'
'湊','p94b.htm?open'
'渠','p94b.htm?open'
'渥','p94b.htm?open'
'渣','p94b.htm?open'
'減','p94b.htm?open'
'湛','p94b.htm?open'
'湘','p94b.htm?open'
'渤','p94b.htm?open'
'湖','p95a.htm?open'
'湮','p95a.htm?open'
'渭','p95a.htm?open'
'渦','p95a.htm?open'
'湯','p95a.htm?open'
'渴','p95a.htm?open'
'湍','p95a.htm?open'
'渺','p95a.htm?open'
'測','p95a.htm?open'
'湃','p95a.htm?open'
'渝','p95a.htm?open'
'渾','p95a.htm?open'
'滋','p95a.htm?open'
'溉','p95b.htm?open'
'溢','p95b.htm?open'
'溯','p95b.htm?open'
'滓','p95b.htm?open'
'溶','p95b.htm?open'
'滂','p95b.htm?open'
'源','p95b.htm?open'
'溝','p95b.htm?open'
'滇','p95b.htm?open'
'滅','p95b.htm?open'
'溥','p95b.htm?open'
'溘','p95b.htm?open'
'溼','p96a.htm?open'
'溺','p96a.htm?open'
'溫','p96a.htm?open'
'滑','p96a.htm?open'
'準','p96a.htm?open'
'溜','p96a.htm?open'
'滄','p96a.htm?open'
'滔','p96a.htm?open'
'溪','p96a.htm?open'
'漳','p96a.htm?open'
'演','p96a.htm?open'
'滾','p96a.htm?open'
'漓','p96a.htm?open'
'滴','p96b.htm?open'
'漩','p96b.htm?open'
'漾','p96b.htm?open'
'漠','p96b.htm?open'
'漬','p96b.htm?open'
'漏','p96b.htm?open'
'漂','p96b.htm?open'
'漢','p96b.htm?open'
'滿','p96b.htm?open'
'滯','p96b.htm?open'
'漆','p96b.htm?open'
'漱','p96b.htm?open'
'漸','p96b.htm?open'
'漲','p97a.htm?open'
'漣','p97a.htm?open'
'漕','p97a.htm?open'
'漫','p97a.htm?open'
'漯','p97a.htm?open'
'澈','p97a.htm?open'
'漪','p97a.htm?open'
'滬','p97a.htm?open'
'漁','p97a.htm?open'
'滲','p97a.htm?open'
'滌','p97a.htm?open'
'漿','p97a.htm?open'
'潼','p97a.htm?open'
'澄','p97b.htm?open'
'潑','p97b.htm?open'
'潦','p97b.htm?open'
'潔','p97b.htm?open'
'澆','p97b.htm?open'
'潭','p97b.htm?open'
'潛','p97b.htm?open'
'潸','p97b.htm?open'
'潮','p97b.htm?open'
'澎','p97b.htm?open'
'潺','p97b.htm?open'
'潰','p97b.htm?open'
'潤','p97b.htm?open'
'澗','p98a.htm?open'
'潘','p98a.htm?open'
'濂','p98a.htm?open'
'澱','p98a.htm?open'
'澡','p98a.htm?open'
'濃','p98a.htm?open'
'澤','p98a.htm?open'
'濁','p98a.htm?open'
'澧','p98a.htm?open'
'澳','p98a.htm?open'
'激','p98a.htm?open'
'澹','p98a.htm?open'
'濘','p98a.htm?open'
'濱','p98b.htm?open'
'濟','p98b.htm?open'
'濠','p98b.htm?open'
'濛','p98b.htm?open'
'濤','p98b.htm?open'
'濫','p98b.htm?open'
'濯','p98b.htm?open'
'澀','p98b.htm?open'
'濬','p98b.htm?open'
'濡','p98b.htm?open'
'瀉','p98b.htm?open'
'瀋','p98b.htm?open'
'濾','p99a.htm?open'
'瀆','p99a.htm?open'
'濺','p99a.htm?open'
'瀑','p99a.htm?open'
'瀏','p99a.htm?open'
'瀛','p99a.htm?open'
'瀟','p99b.htm?open'
'瀨','p99b.htm?open'
'瀚','p99b.htm?open'
'瀝','p99b.htm?open'
'瀕','p99b.htm?open'
'瀾','p99b.htm?open'
'瀰','p99b.htm?open'
'灌','p100a.htm?open'
'灑','p100a.htm?open'
'灘','p100a.htm?open'
'灣','p100a.htm?open'
'灤','p100a.htm?open'
'火','p100a.htm?open'
'灰','p100b.htm?open'
'灶','p100b.htm?open'
'灼','p100b.htm?open'
'災','p100b.htm?open'
'灸','p100b.htm?open'
'炕','p100b.htm?open'
'炎','p100b.htm?open'
'炒','p100b.htm?open'
'炊','p100b.htm?open'
'炙','p100b.htm?open'
'炫','p100b.htm?open'
'為','p100b.htm?open'
'炳','p100b.htm?open'
'炬','p101a.htm?open'
'炯','p101a.htm?open'
'炭','p101a.htm?open'
'炸','p101a.htm?open'
'炮','p101a.htm?open'
'烊','p101a.htm?open'
'烘','p101a.htm?open'
'烤','p101a.htm?open'
'烙','p101a.htm?open'
'烈','p101a.htm?open'
'烏','p101a.htm?open'
'烹','p101a.htm?open'
'焉','p101a.htm?open'
'焊','p101b.htm?open'
'烽','p101b.htm?open'
'焙','p101b.htm?open'
'焚','p101b.htm?open'
'焦','p101b.htm?open'
'焰','p101b.htm?open'
'無','p101b.htm?open'
'然','p101b.htm?open'
'煮','p101b.htm?open'
'煎','p101b.htm?open'
'煙','p101b.htm?open'
'煩','p101b.htm?open'
'煤','p101b.htm?open'
'煉','p102a.htm?open'
'照','p102a.htm?open'
'煜','p102a.htm?open'
'煬','p102a.htm?open'
'煦','p102a.htm?open'
'煌','p102a.htm?open'
'煥','p102a.htm?open'
'煞','p102a.htm?open'
'熔','p102a.htm?open'
'熙','p102a.htm?open'
'煽','p102a.htm?open'
'熊','p102a.htm?open'
'熄','p102a.htm?open'
'熟','p102b.htm?open'
'熬','p102b.htm?open'
'熱','p102b.htm?open'
'熨','p102b.htm?open'
'熾','p102b.htm?open'
'燉','p102b.htm?open'
'燐','p102b.htm?open'
'燒','p102b.htm?open'
'燈','p102b.htm?open'
'燕','p102b.htm?open'
'熹','p102b.htm?open'
'燎','p102b.htm?open'
'燙','p102b.htm?open'
'燜','p103a.htm?open'
'燃','p103a.htm?open'
'燄','p103a.htm?open'
'燧','p103a.htm?open'
'營','p103a.htm?open'
'燮','p103a.htm?open'
'燦','p103a.htm?open'
'燥','p103a.htm?open'
'燭','p103a.htm?open'
'燬','p103a.htm?open'
'燴','p103a.htm?open'
'燻','p103a.htm?open'
'爆','p103b.htm?open'
'爍','p103b.htm?open'
'爐','p103b.htm?open'
'爛','p103b.htm?open'
'爨','p103b.htm?open'
'爪','p103b.htm?open'
'爬','p103b.htm?open'
'爭','p104a.htm?open'
'爰','p104a.htm?open'
'爵','p104a.htm?open'
'父','p104a.htm?open'
'爸','p104a.htm?open'
'爹','p104a.htm?open'
'爺','p104a.htm?open'
'爻','p104a.htm?open'
'爽','p104a.htm?open'
'爾','p104a.htm?open'
'牆','p104b.htm?open'
'片','p104b.htm?open'
'版','p104b.htm?open'
'牌','p104b.htm?open'
'牒','p104b.htm?open'
'牖','p104b.htm?open'
'牘','p104b.htm?open'
'牙','p104b.htm?open'
'牛','p104b.htm?open'
'牟','p105a.htm?open'
'牝','p105a.htm?open'
'牢','p105a.htm?open'
'牡','p105a.htm?open'
'牠','p105a.htm?open'
'牧','p105a.htm?open'
'物','p105a.htm?open'
'牲','p105a.htm?open'
'牯','p105a.htm?open'
'牴','p105a.htm?open'
'特','p105a.htm?open'
'牽','p105a.htm?open'
'犁','p105a.htm?open'
'犄','p105b.htm?open'
'犀','p105b.htm?open'
'犒','p105b.htm?open'
'犖','p105b.htm?open'
'犛','p105b.htm?open'
'犢','p105b.htm?open'
'犧','p105b.htm?open'
'犬','p105b.htm?open'
'犯','p105b.htm?open'
'狄','p105b.htm?open'
'狂','p106a.htm?open'
'狀','p106a.htm?open'
'狎','p106a.htm?open'
'狙','p106a.htm?open'
'狗','p106a.htm?open'
'狐','p106a.htm?open'
'狩','p106a.htm?open'
'狠','p106a.htm?open'
'狡','p106a.htm?open'
'狼','p106a.htm?open'
'狹','p106a.htm?open'
'狽','p106a.htm?open'
'狸','p106a.htm?open'
'狷','p106b.htm?open'
'猜','p106b.htm?open'
'猛','p106b.htm?open'
'猖','p106b.htm?open'
'猓','p106b.htm?open'
'猙','p106b.htm?open'
'猶','p106b.htm?open'
'猥','p106b.htm?open'
'猴','p106b.htm?open'
'猩','p106b.htm?open'
'猷','p106b.htm?open'
'獅','p106b.htm?open'
'猿','p106b.htm?open'
'猾','p107a.htm?open'
'獄','p107a.htm?open'
'獐','p107a.htm?open'
'獎','p107a.htm?open'
'獗','p107a.htm?open'
'獨','p107a.htm?open'
'獰','p107a.htm?open'
'獲','p107a.htm?open'
'獷','p107a.htm?open'
'獵','p107a.htm?open'
'獸','p107a.htm?open'
'獺','p107b.htm?open'
'獻','p107b.htm?open'
'玀','p107b.htm?open'
'玄','p107b.htm?open'
'率','p107b.htm?open'
'王','p107b.htm?open'
'玉','p107b.htm?open'
'玖','p108a.htm?open'
'玩','p108a.htm?open'
'玨','p108a.htm?open'
'玟','p108a.htm?open'
'玫','p108a.htm?open'
'玷','p108a.htm?open'
'珊','p108a.htm?open'
'玻','p108a.htm?open'
'玲','p108a.htm?open'
'珍','p108a.htm?open'
'珀','p108a.htm?open'
'玳','p108a.htm?open'
'班','p108a.htm?open'
'琉','p108b.htm?open'
'珮','p108b.htm?open'
'珠','p108b.htm?open'
'琅','p108b.htm?open'
'琊','p108b.htm?open'
'球','p108b.htm?open'
'理','p108b.htm?open'
'現','p108b.htm?open'
'琍','p108b.htm?open'
'琺','p108b.htm?open'
'琪','p108b.htm?open'
'琳','p108b.htm?open'
'琢','p108b.htm?open'
'琥','p109a.htm?open'
'琵','p109a.htm?open'
'琶','p109a.htm?open'
'琴','p109a.htm?open'
'瑯','p109a.htm?open'
'瑚','p109a.htm?open'
'瑕','p109a.htm?open'
'瑟','p109a.htm?open'
'瑞','p109a.htm?open'
'瑁','p109a.htm?open'
'琿','p109a.htm?open'
'瑙','p109a.htm?open'
'瑛','p109a.htm?open'
'瑜','p109b.htm?open'
'瑤','p109b.htm?open'
'瑣','p109b.htm?open'
'瑪','p109b.htm?open'
'瑰','p109b.htm?open'
'瑩','p109b.htm?open'
'璋','p109b.htm?open'
'璃','p109b.htm?open'
'璜','p109b.htm?open'
'璣','p109b.htm?open'
'璩','p109b.htm?open'
'環','p109b.htm?open'
'璦','p109b.htm?open'
'璧','p110a.htm?open'
'璽','p110a.htm?open'
'瓊','p110a.htm?open'
'瓏','p110a.htm?open'
'瓜','p110a.htm?open'
'瓠','p110a.htm?open'
'瓢','p110a.htm?open'
'瓣','p110a.htm?open'
'瓦','p110b.htm?open'
'瓶','p110b.htm?open'
'瓷','p110b.htm?open'
'甄','p110b.htm?open'
'甌','p110b.htm?open'
'甕','p110b.htm?open'
'甘','p110b.htm?open'
'甚','p110b.htm?open'
'甜','p110b.htm?open'
'生','p111a.htm?open'
'產','p111a.htm?open'
'甥','p111a.htm?open'
'甦','p111a.htm?open'
'用','p111a.htm?open'
'甩','p111a.htm?open'
'甬','p111a.htm?open'
'甫','p111a.htm?open'
'甭','p111a.htm?open'
'田','p111a.htm?open'
'由','p111b.htm?open'
'甲','p111b.htm?open'
'申','p111b.htm?open'
'男','p111b.htm?open'
'甸','p111b.htm?open'
'甽','p111b.htm?open'
'畏','p111b.htm?open'
'界','p111b.htm?open'
'畔','p111b.htm?open'
'畝','p111b.htm?open'
'畜','p111b.htm?open'
'畚','p111b.htm?open'
'留','p111b.htm?open'
'略','p112a.htm?open'
'畦','p112a.htm?open'
'畢','p112a.htm?open'
'異','p112a.htm?open'
'畫','p112a.htm?open'
'番','p112a.htm?open'
'當','p112a.htm?open'
'畸','p112a.htm?open'
'疇','p112a.htm?open'
'疆','p112a.htm?open'
'疊','p112a.htm?open'
'疋','p112b.htm?open'
'疏','p112b.htm?open'
'疑','p112b.htm?open'
'疝','p112b.htm?open'
'疙','p112b.htm?open'
'疚','p112b.htm?open'
'疫','p112b.htm?open'
'疤','p112b.htm?open'
'疥','p112b.htm?open'
'疾','p112b.htm?open'
'病','p113a.htm?open'
'症','p113a.htm?open'
'疲','p113a.htm?open'
'疳','p113a.htm?open'
'疽','p113a.htm?open'
'疼','p113a.htm?open'
'疹','p113a.htm?open'
'痊','p113a.htm?open'
'痔','p113a.htm?open'
'痕','p113a.htm?open'
'疵','p113a.htm?open'
'痢','p113a.htm?open'
'痛','p113a.htm?open'
'痣','p113b.htm?open'
'痙','p113b.htm?open'
'痘','p113b.htm?open'
'痞','p113b.htm?open'
'瘀','p113b.htm?open'
'痰','p113b.htm?open'
'瘁','p113b.htm?open'
'痲','p113b.htm?open'
'痱','p113b.htm?open'
'痺','p113b.htm?open'
'痿','p113b.htm?open'
'痴','p113b.htm?open'
'瘧','p113b.htm?open'
'瘍','p114a.htm?open'
'瘋','p114a.htm?open'
'瘉','p114a.htm?open'
'瘓','p114a.htm?open'
'瘠','p114a.htm?open'
'瘩','p114a.htm?open'
'瘟','p114a.htm?open'
'瘤','p114a.htm?open'
'瘦','p114a.htm?open'
'瘡','p114a.htm?open'
'瘴','p114a.htm?open'
'瘸','p114a.htm?open'
'癆','p114a.htm?open'
'療','p114b.htm?open'
'癌','p114b.htm?open'
'癖','p114b.htm?open'
'癘','p114b.htm?open'
'癒','p114b.htm?open'
'癢','p114b.htm?open'
'癥','p114b.htm?open'
'癩','p114b.htm?open'
'癮','p115a.htm?open'
'癬','p115a.htm?open'
'癱','p115a.htm?open'
'癲','p115a.htm?open'
'癸','p115a.htm?open'
'登','p115a.htm?open'
'發','p115a.htm?open'
'白','p115b.htm?open'
'百','p115b.htm?open'
'皂','p115b.htm?open'
'的','p115b.htm?open'
'皆','p115b.htm?open'
'皇','p115b.htm?open'
'皈','p115b.htm?open'
'皎','p115b.htm?open'
'皖','p115b.htm?open'
'皓','p115b.htm?open'
'皚','p115b.htm?open'
'皮','p116a.htm?open'
'皰','p116a.htm?open'
'皴','p116a.htm?open'
'皺','p116a.htm?open'
'皿','p116a.htm?open'
'盂','p116a.htm?open'
'盈','p116a.htm?open'
'盆','p116a.htm?open'
'盃','p116a.htm?open'
'益','p116a.htm?open'
'盍','p116a.htm?open'
'盎','p116a.htm?open'
'盔','p116b.htm?open'
'盒','p116b.htm?open'
'盛','p116b.htm?open'
'盜','p116b.htm?open'
'盞','p116b.htm?open'
'盟','p116b.htm?open'
'盡','p116b.htm?open'
'監','p116b.htm?open'
'盤','p116b.htm?open'
'盧','p116b.htm?open'
'盥','p116b.htm?open'
'盪','p116b.htm?open'
'目','p117a.htm?open'
'盯','p117a.htm?open'
'盲','p117a.htm?open'
'直','p117a.htm?open'
'省','p117a.htm?open'
'盹','p117a.htm?open'
'相','p117a.htm?open'
'眉','p117a.htm?open'
'看','p117a.htm?open'
'盾','p117a.htm?open'
'盼','p117a.htm?open'
'眩','p117a.htm?open'
'真','p117a.htm?open'
'眠','p117b.htm?open'
'眨','p117b.htm?open'
'眷','p117b.htm?open'
'眾','p117b.htm?open'
'眼','p117b.htm?open'
'眶','p117b.htm?open'
'眸','p117b.htm?open'
'眺','p117b.htm?open'
'睏','p117b.htm?open'
'睛','p117b.htm?open'
'睫','p117b.htm?open'
'睦','p117b.htm?open'
'睞','p117b.htm?open'
'督','p118a.htm?open'
'睹','p118a.htm?open'
'睪','p118a.htm?open'
'睬','p118a.htm?open'
'睜','p118a.htm?open'
'睥','p118a.htm?open'
'睨','p118a.htm?open'
'瞄','p118a.htm?open'
'睽','p118a.htm?open'
'睿','p118a.htm?open'
'睡','p118a.htm?open'
'瞎','p118a.htm?open'
'瞇','p118a.htm?open'
'瞌','p118b.htm?open'
'瞑','p118b.htm?open'
'瞠','p118b.htm?open'
'瞞','p118b.htm?open'
'瞟','p118b.htm?open'
'瞥','p118b.htm?open'
'瞳','p118b.htm?open'
'瞪','p118b.htm?open'
'瞰','p118b.htm?open'
'瞬','p118b.htm?open'
'瞧','p118b.htm?open'
'瞭','p118b.htm?open'
'瞽','p118b.htm?open'
'瞿','p119a.htm?open'
'瞻','p119a.htm?open'
'矇','p119a.htm?open'
'矓','p119a.htm?open'
'矗','p119a.htm?open'
'矚','p119a.htm?open'
'矛','p119b.htm?open'
'矜','p119b.htm?open'
'矢','p119b.htm?open'
'矣','p119b.htm?open'
'知','p119b.htm?open'
'矩','p119b.htm?open'
'短','p119b.htm?open'
'矮','p119b.htm?open'
'矯','p119b.htm?open'
'石','p119b.htm?open'
'矽','p120a.htm?open'
'砂','p120a.htm?open'
'研','p120a.htm?open'
'砌','p120a.htm?open'
'砍','p120a.htm?open'
'砰','p120a.htm?open'
'砧','p120a.htm?open'
'砸','p120a.htm?open'
'砝','p120a.htm?open'
'破','p120a.htm?open'
'砷','p120a.htm?open'
'砥','p120a.htm?open'
'砭','p120a.htm?open'
'硫','p120b.htm?open'
'硃','p120b.htm?open'
'硝','p120b.htm?open'
'硬','p120b.htm?open'
'硯','p120b.htm?open'
'碎','p120b.htm?open'
'碰','p120b.htm?open'
'碗','p120b.htm?open'
'碘','p120b.htm?open'
'碌','p120b.htm?open'
'碉','p120b.htm?open'
'硼','p120b.htm?open'
'碑','p120b.htm?open'
'磁','p121a.htm?open'
'碟','p121a.htm?open'
'碧','p121a.htm?open'
'碳','p121a.htm?open'
'碩','p121a.htm?open'
'磋','p121a.htm?open'
'磅','p121a.htm?open'
'確','p121a.htm?open'
'磊','p121a.htm?open'
'碾','p121a.htm?open'
'磕','p121a.htm?open'
'碼','p121a.htm?open'
'磐','p121a.htm?open'
'磨','p121b.htm?open'
'磚','p121b.htm?open'
'磬','p121b.htm?open'
'磷','p121b.htm?open'
'磺','p121b.htm?open'
'磴','p121b.htm?open'
'磯','p121b.htm?open'
'礁','p121b.htm?open'
'礎','p121b.htm?open'
'礙','p121b.htm?open'
'礦','p121b.htm?open'
'礪','p122a.htm?open'
'礬','p122a.htm?open'
'礫','p122a.htm?open'
'示','p122a.htm?open'
'社','p122a.htm?open'
'祀','p122a.htm?open'
'祁','p122a.htm?open'
'祆','p122a.htm?open'
'祉','p122b.htm?open'
'祈','p122b.htm?open'
'祇','p122b.htm?open'
'祕','p122b.htm?open'
'祐','p122b.htm?open'
'祠','p122b.htm?open'
'祟','p122b.htm?open'
'祖','p122b.htm?open'
'神','p122b.htm?open'
'祝','p122b.htm?open'
'祗','p122b.htm?open'
'祚','p122b.htm?open'
'祥','p122b.htm?open'
'票','p123a.htm?open'
'祭','p123a.htm?open'
'祺','p123a.htm?open'
'祿','p123a.htm?open'
'禁','p123a.htm?open'
'禎','p123a.htm?open'
'福','p123a.htm?open'
'禍','p123a.htm?open'
'禦','p123a.htm?open'
'禧','p123a.htm?open'
'禪','p123a.htm?open'
'禮','p123a.htm?open'
'禱','p123a.htm?open'
'禹','p123b.htm?open'
'萬','p123b.htm?open'
'禽','p123b.htm?open'
'禾','p123b.htm?open'
'私','p123b.htm?open'
'秀','p123b.htm?open'
'禿','p123b.htm?open'
'秉','p123b.htm?open'
'科','p123b.htm?open'
'秒','p124a.htm?open'
'秋','p124a.htm?open'
'秤','p124a.htm?open'
'秣','p124a.htm?open'
'秧','p124a.htm?open'
'租','p124a.htm?open'
'秦','p124a.htm?open'
'秩','p124a.htm?open'
'移','p124a.htm?open'
'稍','p124a.htm?open'
'稈','p124a.htm?open'
'程','p124a.htm?open'
'稅','p124a.htm?open'
'稀','p124b.htm?open'
'稜','p124b.htm?open'
'稚','p124b.htm?open'
'稠','p124b.htm?open'
'稔','p124b.htm?open'
'稟','p124b.htm?open'
'種','p124b.htm?open'
'稱','p124b.htm?open'
'稿','p124b.htm?open'
'稼','p124b.htm?open'
'穀','p124b.htm?open'
'稽','p124b.htm?open'
'稷','p124b.htm?open'
'稻','p125a.htm?open'
'積','p125a.htm?open'
'穎','p125a.htm?open'
'穆','p125a.htm?open'
'穌','p125a.htm?open'
'穗','p125a.htm?open'
'穡','p125a.htm?open'
'穢','p125a.htm?open'
'穫','p125a.htm?open'
'穩','p125a.htm?open'
'穴','p125b.htm?open'
'究','p125b.htm?open'
'空','p125b.htm?open'
'穹','p125b.htm?open'
'穿','p125b.htm?open'
'突','p125b.htm?open'
'窄','p125b.htm?open'
'窈','p125b.htm?open'
'窒','p125b.htm?open'
'窕','p125b.htm?open'
'窘','p125b.htm?open'
'窗','p126a.htm?open'
'窖','p126a.htm?open'
'窟','p126a.htm?open'
'窠','p126a.htm?open'
'窪','p126a.htm?open'
'窩','p126a.htm?open'
'窯','p126a.htm?open'
'窮','p126a.htm?open'
'窺','p126a.htm?open'
'竄','p126a.htm?open'
'竅','p126a.htm?open'
'竇','p126b.htm?open'
'竊','p126b.htm?open'
'立','p126b.htm?open'
'站','p126b.htm?open'
'童','p126b.htm?open'
'竣','p126b.htm?open'
'竭','p126b.htm?open'
'端','p126b.htm?open'
'競','p126b.htm?open'
'竹','p127a.htm?open'
'竺','p127a.htm?open'
'竿','p127a.htm?open'
'竽','p127a.htm?open'
'笆','p127a.htm?open'
'笑','p127a.htm?open'
'笠','p127a.htm?open'
'笨','p127a.htm?open'
'笛','p127a.htm?open'
'第','p127a.htm?open'
'符','p127a.htm?open'
'笙','p127a.htm?open'
'笞','p127b.htm?open'
'等','p127b.htm?open'
'策','p127b.htm?open'
'筆','p127b.htm?open'
'筐','p127b.htm?open'
'筒','p127b.htm?open'
'答','p127b.htm?open'
'筍','p127b.htm?open'
'筋','p127b.htm?open'
'筏','p127b.htm?open'
'筷','p127b.htm?open'
'節','p127b.htm?open'
'筠','p127b.htm?open'
'管','p128a.htm?open'
'箕','p128a.htm?open'
'箋','p128a.htm?open'
'筵','p128a.htm?open'
'算','p128a.htm?open'
'箝','p128a.htm?open'
'箔','p128a.htm?open'
'箏','p128a.htm?open'
'箭','p128a.htm?open'
'箱','p128a.htm?open'
'範','p128a.htm?open'
'箴','p128a.htm?open'
'篆','p128a.htm?open'
'篇','p128b.htm?open'
'篁','p128b.htm?open'
'篙','p128b.htm?open'
'簑','p128b.htm?open'
'築','p128b.htm?open'
'篤','p128b.htm?open'
'篛','p128b.htm?open'
'篡','p128b.htm?open'
'篩','p128b.htm?open'
'簇','p128b.htm?open'
'簍','p128b.htm?open'
'篾','p128b.htm?open'
'篷','p128b.htm?open'
'簫','p129a.htm?open'
'簧','p129a.htm?open'
'簪','p129a.htm?open'
'簞','p129a.htm?open'
'簣','p129a.htm?open'
'簡','p129a.htm?open'
'簾','p129a.htm?open'
'簿','p129b.htm?open'
'簸','p129b.htm?open'
'簽','p129b.htm?open'
'簷','p129b.htm?open'
'籌','p129b.htm?open'
'籃','p129b.htm?open'
'籍','p130a.htm?open'
'籐','p130a.htm?open'
'籠','p130a.htm?open'
'籟','p130a.htm?open'
'籤','p130a.htm?open'
'籬','p130a.htm?open'
'籮','p130a.htm?open'
'籲','p130b.htm?open'
'米','p130b.htm?open'
'粉','p130b.htm?open'
'粒','p130b.htm?open'
'粗','p130b.htm?open'
'粟','p130b.htm?open'
'粥','p130b.htm?open'
'粱','p130b.htm?open'
'粳','p130b.htm?open'
'粵','p130b.htm?open'
'粹','p131a.htm?open'
'粽','p131a.htm?open'
'精','p131a.htm?open'
'糊','p131a.htm?open'
'糕','p131a.htm?open'
'糖','p131a.htm?open'
'糠','p131a.htm?open'
'糜','p131a.htm?open'
'糞','p131a.htm?open'
'糢','p131a.htm?open'
'糟','p131a.htm?open'
'糙','p131a.htm?open'
'糧','p131a.htm?open'
'糯','p131b.htm?open'
'糸','p131b.htm?open'
'系','p131b.htm?open'
'糾','p131b.htm?open'
'紂','p131b.htm?open'
'紅','p131b.htm?open'
'紀','p131b.htm?open'
'紉','p131b.htm?open'
'紇','p131b.htm?open'
'約','p131b.htm?open'
'紡','p132a.htm?open'
'紗','p132a.htm?open'
'紋','p132a.htm?open'
'紊','p132a.htm?open'
'素','p132a.htm?open'
'索','p132a.htm?open'
'純','p132a.htm?open'
'紐','p132a.htm?open'
'紕','p132a.htm?open'
'級','p132a.htm?open'
'紜','p132a.htm?open'
'納','p132a.htm?open'
'紙','p132a.htm?open'
'紛','p132b.htm?open'
'絆','p132b.htm?open'
'絃','p132b.htm?open'
'統','p132b.htm?open'
'紮','p132b.htm?open'
'紹','p132b.htm?open'
'紼','p132b.htm?open'
'絀','p132b.htm?open'
'細','p132b.htm?open'
'紳','p132b.htm?open'
'組','p132b.htm?open'
'累','p132b.htm?open'
'終','p132b.htm?open'
'絞','p133a.htm?open'
'結','p133a.htm?open'
'絨','p133a.htm?open'
'絕','p133a.htm?open'
'紫','p133a.htm?open'
'絮','p133a.htm?open'
'絲','p133a.htm?open'
'絡','p133a.htm?open'
'給','p133a.htm?open'
'絢','p133a.htm?open'
'經','p133a.htm?open'
'絹','p133a.htm?open'
'綑','p133a.htm?open'
'綁','p133b.htm?open'
'綏','p133b.htm?open'
'綻','p133b.htm?open'
'綰','p133b.htm?open'
'綜','p133b.htm?open'
'綽','p133b.htm?open'
'綾','p133b.htm?open'
'綠','p133b.htm?open'
'緊','p133b.htm?open'
'綴','p133b.htm?open'
'網','p133b.htm?open'
'綱','p133b.htm?open'
'綺','p133b.htm?open'
'綢','p134a.htm?open'
'綿','p134a.htm?open'
'綵','p134a.htm?open'
'綸','p134a.htm?open'
'維','p134a.htm?open'
'緒','p134a.htm?open'
'緇','p134a.htm?open'
'締','p134a.htm?open'
'練','p134a.htm?open'
'緯','p134a.htm?open'
'緻','p134a.htm?open'
'緘','p134a.htm?open'
'緬','p134a.htm?open'
'緝','p134b.htm?open'
'編','p134b.htm?open'
'緣','p134b.htm?open'
'線','p134b.htm?open'
'緞','p134b.htm?open'
'緩','p134b.htm?open'
'綞','p134b.htm?open'
'縊','p134b.htm?open'
'縑','p134b.htm?open'
'縈','p134b.htm?open'
'縛','p134b.htm?open'
'縣','p134b.htm?open'
'縮','p134b.htm?open'
'績','p135a.htm?open'
'繆','p135a.htm?open'
'縷','p135a.htm?open'
'縲','p135a.htm?open'
'繃','p135a.htm?open'
'縫','p135a.htm?open'
'總','p135a.htm?open'
'縱','p135a.htm?open'
'繅','p135a.htm?open'
'繁','p135a.htm?open'
'織','p135a.htm?open'
'繕','p135a.htm?open'
'繞','p135b.htm?open'
'繚','p135b.htm?open'
'繡','p135b.htm?open'
'繫','p135b.htm?open'
'繭','p135b.htm?open'
'繹','p135b.htm?open'
'繩','p136a.htm?open'
'繪','p136a.htm?open'
'辮','p136a.htm?open'
'繽','p136a.htm?open'
'繼','p136a.htm?open'
'纂','p136a.htm?open'
'纏','p136a.htm?open'
'續','p136b.htm?open'
'纓','p136b.htm?open'
'纖','p136b.htm?open'
'纜','p136b.htm?open'
'缶','p136b.htm?open'
'缸','p136b.htm?open'
'缺','p136b.htm?open'
'缽','p137a.htm?open'
'罄','p137a.htm?open'
'罈','p137a.htm?open'
'罐','p137a.htm?open'
'罕','p137a.htm?open'
'罔','p137a.htm?open'
'罟','p137a.htm?open'
'置','p137a.htm?open'
'罩','p137a.htm?open'
'罪','p137a.htm?open'
'署','p137b.htm?open'
'罰','p137b.htm?open'
'罵','p137b.htm?open'
'罷','p137b.htm?open'
'罹','p137b.htm?open'
'羅','p137b.htm?open'
'羈','p137b.htm?open'
'羊','p137b.htm?open'
'羌','p137b.htm?open'
'羋','p137b.htm?open'
'美','p138a.htm?open'
'羔','p138a.htm?open'
'羞','p138a.htm?open'
'羚','p138a.htm?open'
'善','p138a.htm?open'
'義','p138a.htm?open'
'羨','p138a.htm?open'
'群','p138a.htm?open'
'羯','p138a.htm?open'
'羲','p138a.htm?open'
'羶','p138a.htm?open'
'羹','p138a.htm?open'
'羸','p138b.htm?open'
'羽','p138b.htm?open'
'羿','p138b.htm?open'
'翅','p138b.htm?open'
'翁','p138b.htm?open'
'翌','p138b.htm?open'
'翎','p138b.htm?open'
'習','p138b.htm?open'
'翔','p138b.htm?open'
'翕','p138b.htm?open'
'翠','p139a.htm?open'
'翡','p139a.htm?open'
'翟','p139a.htm?open'
'翩','p139a.htm?open'
'翰','p139a.htm?open'
'翱','p139a.htm?open'
'翳','p139a.htm?open'
'翼','p139a.htm?open'
'翹','p139a.htm?open'
'翻','p139a.htm?open'
'耀','p139a.htm?open'
'老','p139b.htm?open'
'考','p139b.htm?open'
'者','p139b.htm?open'
'耆','p139b.htm?open'
'而','p139b.htm?open'
'耐','p139b.htm?open'
'耍','p139b.htm?open'
'耒','p139b.htm?open'
'耘','p139b.htm?open'
'耕','p140a.htm?open'
'耙','p140a.htm?open'
'耗','p140a.htm?open'
'耜','p140a.htm?open'
'耳','p140a.htm?open'
'耶','p140a.htm?open'
'耽','p140a.htm?open'
'耿','p140a.htm?open'
'聊','p140a.htm?open'
'聆','p140a.htm?open'
'聖','p140a.htm?open'
'聘','p140a.htm?open'
'聞','p140b.htm?open'
'聚','p140b.htm?open'
'聱','p140b.htm?open'
'聲','p140b.htm?open'
'聰','p140b.htm?open'
'聯','p140b.htm?open'
'聳','p140b.htm?open'
'職','p140b.htm?open'
'聶','p140b.htm?open'
'聾','p140b.htm?open'
'聽','p141a.htm?open'
'聿','p141a.htm?open'
'肅','p141a.htm?open'
'肆','p141a.htm?open'
'肄','p141a.htm?open'
'肇','p141a.htm?open'
'肉','p141a.htm?open'
'肋','p141a.htm?open'
'肌','p141a.htm?open'
'肖','p141a.htm?open'
'肓','p141b.htm?open'
'肝','p141b.htm?open'
'肘','p141b.htm?open'
'肛','p141b.htm?open'
'肚','p141b.htm?open'
'育','p141b.htm?open'
'肺','p141b.htm?open'
'肥','p141b.htm?open'
'肢','p141b.htm?open'
'肱','p141b.htm?open'
'股','p141b.htm?open'
'肫','p141b.htm?open'
'肩','p141b.htm?open'
'肴','p142a.htm?open'
'肪','p142a.htm?open'
'肯','p142a.htm?open'
'胖','p142a.htm?open'
'胥','p142a.htm?open'
'胚','p142a.htm?open'
'胃','p142a.htm?open'
'胄','p142a.htm?open'
'背','p142a.htm?open'
'胡','p142a.htm?open'
'胛','p142a.htm?open'
'胎','p142a.htm?open'
'胞','p142a.htm?open'
'胤','p142b.htm?open'
'胱','p142b.htm?open'
'脂','p142b.htm?open'
'胰','p142b.htm?open'
'脅','p142b.htm?open'
'胭','p142b.htm?open'
'胴','p142b.htm?open'
'脆','p142b.htm?open'
'胸','p142b.htm?open'
'胳','p142b.htm?open'
'脈','p142b.htm?open'
'能','p142b.htm?open'
'脊','p142b.htm?open'
'脯','p143a.htm?open'
'脖','p143a.htm?open'
'脣','p143a.htm?open'
'脫','p143a.htm?open'
'脩','p143a.htm?open'
'腕','p143a.htm?open'
'腔','p143a.htm?open'
'腋','p143a.htm?open'
'腑','p143a.htm?open'
'腎','p143a.htm?open'
'脹','p143a.htm?open'
'腆','p143a.htm?open'
'脾','p143a.htm?open'
'腱','p143b.htm?open'
'腰','p143b.htm?open'
'腸','p143b.htm?open'
'腥','p143b.htm?open'
'腮','p143b.htm?open'
'腳','p143b.htm?open'
'腫','p143b.htm?open'
'腹','p143b.htm?open'
'腺','p143b.htm?open'
'腦','p143b.htm?open'
'腐','p143b.htm?open'
'膀','p143b.htm?open'
'膏','p143b.htm?open'
'膈','p144a.htm?open'
'膊','p144a.htm?open'
'腿','p144a.htm?open'
'膛','p144a.htm?open'
'膜','p144a.htm?open'
'膝','p144a.htm?open'
'膠','p144a.htm?open'
'膚','p144a.htm?open'
'膳','p144a.htm?open'
'膩','p144a.htm?open'
'膨','p144a.htm?open'
'臆','p144a.htm?open'
'臃','p144a.htm?open'
'膺','p144b.htm?open'
'臂','p144b.htm?open'
'臀','p144b.htm?open'
'膿','p144b.htm?open'
'膽','p144b.htm?open'
'臉','p144b.htm?open'
'膾','p144b.htm?open'
'臍','p144b.htm?open'
'臏','p144b.htm?open'
'臘','p144b.htm?open'
'臚','p145a.htm?open'
'臟','p145a.htm?open'
'臣','p145a.htm?open'
'臥','p145a.htm?open'
'臧','p145a.htm?open'
'臨','p145a.htm?open'
'自','p145a.htm?open'
'臭','p145a.htm?open'
'臬','p145a.htm?open'
'至','p145b.htm?open'
'致','p145b.htm?open'
'臺','p145b.htm?open'
'臻','p145b.htm?open'
'臼','p145b.htm?open'
'臾','p145b.htm?open'
'舀','p145b.htm?open'
'舂','p145b.htm?open'
'舅','p145b.htm?open'
'與','p145b.htm?open'
'興','p145b.htm?open'
'舉','p146a.htm?open'
'舊','p146a.htm?open'
'舌','p146a.htm?open'
'舍','p146a.htm?open'
'舐','p146a.htm?open'
'舒','p146a.htm?open'
'舔','p146a.htm?open'
'舛','p146a.htm?open'
'舜','p146a.htm?open'
'舞','p146a.htm?open'
'舟','p146b.htm?open'
'舢','p146b.htm?open'
'航','p146b.htm?open'
'舫','p146b.htm?open'
'舨','p146b.htm?open'
'般','p146b.htm?open'
'舵','p146b.htm?open'
'舷','p146b.htm?open'
'舶','p146b.htm?open'
'船','p146b.htm?open'
'艇','p146b.htm?open'
'艘','p146b.htm?open'
'艙','p147a.htm?open'
'艦','p147a.htm?open'
'艮','p147a.htm?open'
'良','p147a.htm?open'
'艱','p147a.htm?open'
'色','p147a.htm?open'
'艾','p147a.htm?open'
'芒','p147a.htm?open'
'芋','p147a.htm?open'
'芍','p147b.htm?open'
'芳','p147b.htm?open'
'芝','p147b.htm?open'
'芙','p147b.htm?open'
'芭','p147b.htm?open'
'芽','p147b.htm?open'
'芟','p147b.htm?open'
'芹','p147b.htm?open'
'花','p147b.htm?open'
'芬','p147b.htm?open'
'芥','p147b.htm?open'
'苧','p147b.htm?open'
'范','p148a.htm?open'
'茅','p148a.htm?open'
'苣','p148a.htm?open'
'苛','p148a.htm?open'
'苦','p148a.htm?open'
'茄','p148a.htm?open'
'若','p148a.htm?open'
'茂','p148a.htm?open'
'茉','p148a.htm?open'
'苒','p148a.htm?open'
'苗','p148a.htm?open'
'英','p148a.htm?open'
'茁','p148a.htm?open'
'苜','p148b.htm?open'
'苔','p148b.htm?open'
'苑','p148b.htm?open'
'苞','p148b.htm?open'
'苓','p148b.htm?open'
'苟','p148b.htm?open'
'芻','p147b.htm?open'
'茫','p148b.htm?open'
'荒','p148b.htm?open'
'荔','p148b.htm?open'
'荊','p148b.htm?open'
'茸','p148b.htm?open'
'荐','p148b.htm?open'
'草','p148b.htm?open'
'茵','p149a.htm?open'
'茴','p149a.htm?open'
'荏','p149a.htm?open'
'茲','p149a.htm?open'
'茹','p149a.htm?open'
'茶','p149a.htm?open'
'茗','p149a.htm?open'
'荀','p149a.htm?open'
'茱','p149a.htm?open'
'莎','p149a.htm?open'
'莞','p149a.htm?open'
'莘','p149a.htm?open'
'荸','p149a.htm?open'
'莢','p149b.htm?open'
'莖','p149b.htm?open'
'莽','p149b.htm?open'
'莫','p149b.htm?open'
'莒','p149b.htm?open'
'莊','p149b.htm?open'
'莓','p149b.htm?open'
'莉','p149b.htm?open'
'莠','p149b.htm?open'
'荷','p149b.htm?open'
'荻','p149b.htm?open'
'荼','p149b.htm?open'
'菩','p149b.htm?open'
'萃','p150a.htm?open'
'菸','p150a.htm?open'
'萍','p150a.htm?open'
'菠','p150a.htm?open'
'菅','p150a.htm?open'
'萋','p150a.htm?open'
'菁','p150a.htm?open'
'華','p150a.htm?open'
'菱','p150a.htm?open'
'菴','p150a.htm?open'
'著','p150a.htm?open'
'萊','p150a.htm?open'
'菰','p150a.htm?open'
'萌','p150b.htm?open'
'菌','p150b.htm?open'
'菽','p150b.htm?open'
'菲','p150b.htm?open'
'菊','p150b.htm?open'
'萸','p150b.htm?open'
'萎','p150b.htm?open'
'萄','p150b.htm?open'
'菜','p150b.htm?open'
'蒂','p150b.htm?open'
'葷','p150b.htm?open'
'落','p150b.htm?open'
'萱','p150b.htm?open'
'葵','p151a.htm?open'
'葦','p151a.htm?open'
'葫','p151a.htm?open'
'葉','p151a.htm?open'
'葬','p151a.htm?open'
'葛','p151a.htm?open'
'萼','p151a.htm?open'
'萵','p151a.htm?open'
'葡','p151a.htm?open'
'董','p151a.htm?open'
'葩','p151a.htm?open'
'蓉','p151a.htm?open'
'蒿','p151a.htm?open'
'蓆','p151b.htm?open'
'蓄','p151b.htm?open'
'蒙','p151b.htm?open'
'蒞','p151b.htm?open'
'蒲','p151b.htm?open'
'蒜','p151b.htm?open'
'蓋','p151b.htm?open'
'蒸','p151b.htm?open'
'蓀','p151b.htm?open'
'蓓','p151b.htm?open'
'蒐','p151b.htm?open'
'蒼','p151b.htm?open'
'蔗','p151b.htm?open'
'蔽','p152a.htm?open'
'蔚','p152a.htm?open'
'蓮','p152a.htm?open'
'蔬','p152a.htm?open'
'蔭','p152a.htm?open'
'蔓','p152a.htm?open'
'蔑','p152a.htm?open'
'蔣','p152a.htm?open'
'蔡','p152a.htm?open'
'蔔','p152a.htm?open'
'蓬','p152a.htm?open'
'蔥','p152a.htm?open'
'蓿','p152a.htm?open'
'蕊','p152b.htm?open'
'蕙','p152b.htm?open'
'蕈','p152b.htm?open'
'蕨','p152b.htm?open'
'蕩','p152b.htm?open'
'蕃','p152b.htm?open'
'蕉','p152b.htm?open'
'蕭','p152b.htm?open'
'蕪','p152b.htm?open'
'薪','p152b.htm?open'
'薄','p152b.htm?open'
'蕾','p152b.htm?open'
'薜','p152b.htm?open'
'薑','p153a.htm?open'
'薔','p153a.htm?open'
'薯','p153a.htm?open'
'薛','p153a.htm?open'
'薇','p153a.htm?open'
'藏','p153a.htm?open'
'薩','p153a.htm?open'
'藍','p153a.htm?open'
'藐','p153a.htm?open'
'藉','p153b.htm?open'
'薰','p153b.htm?open'
'藩','p153b.htm?open'
'藝','p153b.htm?open'
'藪','p153b.htm?open'
'藕','p153b.htm?open'
'藤','p153b.htm?open'
'藥','p154a.htm?open'
'藻','p154a.htm?open'
'藹','p154a.htm?open'
'蘑','p154a.htm?open'
'藺','p154a.htm?open'
'蘆','p154a.htm?open'
'蘋','p154b.htm?open'
'蘇','p154b.htm?open'
'蘊','p154b.htm?open'
'蘗','p154b.htm?open'
'蘭','p154b.htm?open'
'蘚','p154b.htm?open'
'蘸','p154b.htm?open'
'蘿','p155a.htm?open'
'虎','p155a.htm?open'
'虐','p155a.htm?open'
'虔','p155a.htm?open'
'處','p155a.htm?open'
'彪','p155a.htm?open'
'虛','p155a.htm?open'
'虜','p155a.htm?open'
'虞','p155a.htm?open'
'號','p155a.htm?open'
'虧','p155b.htm?open'
'虫','p155b.htm?open'
'虱','p155b.htm?open'
'虹','p155b.htm?open'
'蚊','p155b.htm?open'
'蚪','p155b.htm?open'
'蚓','p155b.htm?open'
'蚤','p155b.htm?open'
'蚩','p155b.htm?open'
'蚌','p155b.htm?open'
'蚣','p155b.htm?open'
'蛇','p155b.htm?open'
'蛀','p156a.htm?open'
'蚶','p156a.htm?open'
'蛄','p156a.htm?open'
'蚵','p156a.htm?open'
'蛆','p156a.htm?open'
'蛋','p156a.htm?open'
'蚱','p156a.htm?open'
'蚯','p156a.htm?open'
'蛟','p156a.htm?open'
'蛙','p156a.htm?open'
'蛭','p156a.htm?open'
'蛔','p156a.htm?open'
'蛛','p156a.htm?open'
'蛤','p156b.htm?open'
'蛹','p156b.htm?open'
'蜓','p156b.htm?open'
'蜈','p156b.htm?open'
'蜇','p156b.htm?open'
'蜀','p156b.htm?open'
'蛾','p156b.htm?open'
'蛻','p156b.htm?open'
'蜂','p156b.htm?open'
'蜃','p156b.htm?open'
'蜿','p156b.htm?open'
'蜜','p156b.htm?open'
'蜻','p156b.htm?open'
'蜢','p157a.htm?open'
'蜥','p157a.htm?open'
'蜴','p157a.htm?open'
'蜘','p157a.htm?open'
'蝕','p157a.htm?open'
'螂','p157a.htm?open'
'蝴','p157a.htm?open'
'蝶','p157a.htm?open'
'蝠','p157a.htm?open'
'蝦','p157a.htm?open'
'蝸','p157a.htm?open'
'蝨','p157a.htm?open'
'蝙','p157a.htm?open'
'蝗','p157b.htm?open'
'蝌','p157b.htm?open'
'螃','p157b.htm?open'
'螟','p157b.htm?open'
'螞','p157b.htm?open'
'螢','p157b.htm?open'
'融','p157b.htm?open'
'蟀','p157b.htm?open'
'蟑','p157b.htm?open'
'螳','p157b.htm?open'
'蟒','p157b.htm?open'
'蟆','p157b.htm?open'
'螫','p157b.htm?open'
'螻','p158a.htm?open'
'螺','p158a.htm?open'
'蟈','p158a.htm?open'
'蟋','p158a.htm?open'
'蟯','p158a.htm?open'
'蟬','p158a.htm?open'
'蟲','p158a.htm?open'
'蟻','p158a.htm?open'
'蠅','p158a.htm?open'
'蠍','p158b.htm?open'
'蟹','p158b.htm?open'
'蠔','p158b.htm?open'
'蠕','p158b.htm?open'
'蠣','p158b.htm?open'
'蠢','p158b.htm?open'
'蠡','p159a.htm?open'
'蠟','p159a.htm?open'
'蠱','p159a.htm?open'
'蠶','p159a.htm?open'
'蠹','p159a.htm?open'
'蠻','p159a.htm?open'
'血','p159b.htm?open'
'行','p159b.htm?open'
'衍','p159b.htm?open'
'術','p159b.htm?open'
'街','p159b.htm?open'
'衙','p159b.htm?open'
'衛','p159b.htm?open'
'衝','p159b.htm?open'
'衡','p159b.htm?open'
'衢','p159b.htm?open'
'衣','p160a.htm?open'
'初','p160a.htm?open'
'表','p160a.htm?open'
'衫','p160a.htm?open'
'衰','p160a.htm?open'
'衷','p160a.htm?open'
'袁','p160a.htm?open'
'袂','p160a.htm?open'
'袞','p160a.htm?open'
'袈','p160a.htm?open'
'被','p160a.htm?open'
'袒','p160a.htm?open'
'袖','p160a.htm?open'
'袍','p160b.htm?open'
'袋','p160b.htm?open'
'裁','p160b.htm?open'
'裂','p160b.htm?open'
'袱','p160b.htm?open'
'裟','p160b.htm?open'
'裔','p160b.htm?open'
'裙','p160b.htm?open'
'補','p160b.htm?open'
'裘','p160b.htm?open'
'裝','p160b.htm?open'
'裡','p160b.htm?open'
'裊','p160b.htm?open'
'裕','p161a.htm?open'
'裳','p161a.htm?open'
'褂','p161a.htm?open'
'裴','p161a.htm?open'
'裹','p161a.htm?open'
'裸','p161a.htm?open'
'製','p161a.htm?open'
'裨','p161a.htm?open'
'褚','p161a.htm?open'
'褐','p161a.htm?open'
'複','p161a.htm?open'
'褒','p161a.htm?open'
'褓','p161a.htm?open'
'褪','p161b.htm?open'
'褲','p161b.htm?open'
'褥','p161b.htm?open'
'褫','p161b.htm?open'
'褻','p161b.htm?open'
'褶','p161b.htm?open'
'襄','p161b.htm?open'
'褸','p161b.htm?open'
'襠','p161b.htm?open'
'襟','p161b.htm?open'
'襖','p161b.htm?open'
'襤','p162a.htm?open'
'襪','p162a.htm?open'
'襲','p162a.htm?open'
'襯','p162a.htm?open'
'西','p162a.htm?open'
'要','p162a.htm?open'
'覃','p162a.htm?open'
'覆','p162b.htm?open'
'見','p162b.htm?open'
'覓','p162b.htm?open'
'規','p162b.htm?open'
'視','p162b.htm?open'
'親','p162b.htm?open'
'覦','p162b.htm?open'
'覬','p162b.htm?open'
'覲','p162b.htm?open'
'覺','p162b.htm?open'
'覽','p163a.htm?open'
'觀','p163a.htm?open'
'角','p163a.htm?open'
'解','p163a.htm?open'
'觴','p163a.htm?open'
'觸','p163a.htm?open'
'言','p163b.htm?open'
'計','p163b.htm?open'
'訂','p163b.htm?open'
'訃','p163b.htm?open'
'記','p163b.htm?open'
'訐','p163b.htm?open'
'討','p163b.htm?open'
'訌','p163b.htm?open'
'訕','p163b.htm?open'
'訊','p163b.htm?open'
'託','p163b.htm?open'
'訓','p163b.htm?open'
'訖','p163b.htm?open'
'訪','p164a.htm?open'
'訝','p164a.htm?open'
'訣','p164a.htm?open'
'訥','p164a.htm?open'
'許','p164a.htm?open'
'設','p164a.htm?open'
'訟','p164a.htm?open'
'訛','p164a.htm?open'
'註','p164a.htm?open'
'詠','p164a.htm?open'
'評','p164a.htm?open'
'詞','p164a.htm?open'
'証','p164a.htm?open'
'詁','p164b.htm?open'
'詔','p164b.htm?open'
'詛','p164b.htm?open'
'詐','p164b.htm?open'
'詆','p164b.htm?open'
'訴','p164b.htm?open'
'診','p164b.htm?open'
'詫','p164b.htm?open'
'該','p164b.htm?open'
'詳','p164b.htm?open'
'試','p164b.htm?open'
'詩','p164b.htm?open'
'詰','p164b.htm?open'
'誇','p165a.htm?open'
'詼','p165a.htm?open'
'詣','p165a.htm?open'
'誠','p165a.htm?open'
'話','p165a.htm?open'
'誅','p165a.htm?open'
'詭','p165a.htm?open'
'詢','p165a.htm?open'
'詮','p165a.htm?open'
'詬','p165a.htm?open'
'詹','p165a.htm?open'
'誦','p165a.htm?open'
'誌','p165a.htm?open'
'語','p165b.htm?open'
'誣','p165b.htm?open'
'認','p165b.htm?open'
'誡','p165b.htm?open'
'誓','p165b.htm?open'
'誤','p165b.htm?open'
'說','p165b.htm?open'
'誥','p165b.htm?open'
'誨','p165b.htm?open'
'誘','p165b.htm?open'
'誑','p165b.htm?open'
'誼','p165b.htm?open'
'諒','p165b.htm?open'
'談','p166a.htm?open'
'諄','p166a.htm?open'
'誕','p166a.htm?open'
'請','p166a.htm?open'
'諸','p166a.htm?open'
'課','p166a.htm?open'
'諉','p166a.htm?open'
'諂','p166a.htm?open'
'調','p166a.htm?open'
'誰','p166a.htm?open'
'論','p166a.htm?open'
'諍','p166a.htm?open'
'諦','p166a.htm?open'
'諺','p166b.htm?open'
'諫','p166b.htm?open'
'諱','p166b.htm?open'
'謀','p166b.htm?open'
'諜','p166b.htm?open'
'諧','p166b.htm?open'
'諮','p166b.htm?open'
'諾','p166b.htm?open'
'謁','p166b.htm?open'
'謂','p166b.htm?open'
'諷','p166b.htm?open'
'諭','p166b.htm?open'
'謎','p166b.htm?open'
'謗','p167a.htm?open'
'謙','p167a.htm?open'
'講','p167a.htm?open'
'謊','p167a.htm?open'
'謠','p167a.htm?open'
'謝','p167a.htm?open'
'謄','p167a.htm?open'
'謨','p167a.htm?open'
'謹','p167a.htm?open'
'謬','p167a.htm?open'
'譁','p167b.htm?open'
'譜','p167b.htm?open'
'識','p167b.htm?open'
'證','p167b.htm?open'
'譚','p167b.htm?open'
'譎','p167b.htm?open'
'譏','p167b.htm?open'
'議','p168a.htm?open'
'譬','p168a.htm?open'
'警','p168a.htm?open'
'譯','p168a.htm?open'
'譴','p168a.htm?open'
'護','p168a.htm?open'
'譽','p168b.htm?open'
'讀','p168b.htm?open'
'變','p168b.htm?open'
'讓','p168b.htm?open'
'讒','p168b.htm?open'
'讖','p168b.htm?open'
'讚','p168b.htm?open'
'谷','p169a.htm?open'
'豁','p169a.htm?open'
'谿','p169a.htm?open'
'豆','p169a.htm?open'
'豈','p169a.htm?open'
'豉','p169a.htm?open'
'豌','p169a.htm?open'
'豎','p169a.htm?open'
'豐','p169a.htm?open'
'豔','p169b.htm?open'
'豕','p169b.htm?open'
'豚','p169b.htm?open'
'象','p169b.htm?open'
'豢','p169b.htm?open'
'豪','p169b.htm?open'
'豬','p169b.htm?open'
'豫','p169b.htm?open'
'豺','p169b.htm?open'
'豹','p169b.htm?open'
'貂','p170a.htm?open'
'貊','p170a.htm?open'
'貉','p170a.htm?open'
'貍','p170a.htm?open'
'貌','p170a.htm?open'
'貓','p170a.htm?open'
'貝','p170a.htm?open'
'貞','p170a.htm?open'
'負','p170a.htm?open'
'財','p170a.htm?open'
'貢','p170a.htm?open'
'販','p170a.htm?open'
'責','p170b.htm?open'
'貫','p170b.htm?open'
'貨','p170b.htm?open'
'貪','p170b.htm?open'
'貧','p170b.htm?open'
'貯','p170b.htm?open'
'貼','p170b.htm?open'
'貳','p170b.htm?open'
'貽','p170b.htm?open'
'賁','p170b.htm?open'
'費','p170b.htm?open'
'賀','p170b.htm?open'
'貴','p170b.htm?open'
'買','p171a.htm?open'
'貶','p171a.htm?open'
'貿','p171a.htm?open'
'貸','p171a.htm?open'
'賊','p171a.htm?open'
'資','p171a.htm?open'
'賈','p171a.htm?open'
'賄','p171a.htm?open'
'貲','p171a.htm?open'
'賃','p171a.htm?open'
'賂','p171a.htm?open'
'賅','p171a.htm?open'
'賓','p171a.htm?open'
'賑','p171b.htm?open'
'賒','p171b.htm?open'
'賠','p171b.htm?open'
'賞','p171b.htm?open'
'賦','p171b.htm?open'
'賤','p171b.htm?open'
'賬','p171b.htm?open'
'賭','p171b.htm?open'
'賢','p171b.htm?open'
'賣','p171b.htm?open'
'賜','p171b.htm?open'
'質','p171b.htm?open'
'賴','p171b.htm?open'
'賺','p172a.htm?open'
'賽','p172a.htm?open'
'購','p172a.htm?open'
'贅','p172a.htm?open'
'贈','p172a.htm?open'
'贊','p172a.htm?open'
'贏','p172a.htm?open'
'贍','p172a.htm?open'
'贓','p172b.htm?open'
'贖','p172b.htm?open'
'贗','p172b.htm?open'
'贛','p172b.htm?open'
'赤','p172b.htm?open'
'赧','p172b.htm?open'
'赦','p172b.htm?open'
'赫','p172b.htm?open'
'赭','p173a.htm?open'
'走','p173a.htm?open'
'赴','p173a.htm?open'
'赳','p173a.htm?open'
'起','p173a.htm?open'
'越','p173a.htm?open'
'超','p173a.htm?open'
'趁','p173a.htm?open'
'趙','p173a.htm?open'
'趕','p173a.htm?open'
'趟','p173a.htm?open'
'趣','p173a.htm?open'
'趨','p173b.htm?open'
'足','p173b.htm?open'
'趴','p173b.htm?open'
'趾','p173b.htm?open'
'跎','p173b.htm?open'
'距','p173b.htm?open'
'跋','p173b.htm?open'
'跚','p173b.htm?open'
'跑','p173b.htm?open'
'跌','p173b.htm?open'
'跛','p173b.htm?open'
'跆','p173b.htm?open'
'跡','p174a.htm?open'
'跟','p174a.htm?open'
'跨','p174a.htm?open'
'路','p174a.htm?open'
'跳','p174a.htm?open'
'跺','p174a.htm?open'
'跪','p174a.htm?open'
'跼','p174a.htm?open'
'踫','p174a.htm?open'
'踐','p174a.htm?open'
'踝','p174a.htm?open'
'踢','p174a.htm?open'
'踏','p174a.htm?open'
'踩','p174b.htm?open'
'踟','p174b.htm?open'
'蹄','p174b.htm?open'
'踱','p174b.htm?open'
'踴','p174b.htm?open'
'蹂','p174b.htm?open'
'踹','p174b.htm?open'
'踵','p174b.htm?open'
'蹉','p174b.htm?open'
'蹋','p174b.htm?open'
'蹈','p174b.htm?open'
'蹊','p174b.htm?open'
'蹙','p174b.htm?open'
'蹣','p175a.htm?open'
'蹦','p175a.htm?open'
'蹤','p175a.htm?open'
'蹼','p175a.htm?open'
'蹲','p175a.htm?open'
'躇','p175a.htm?open'
'蹶','p175b.htm?open'
'蹬','p175b.htm?open'
'蹺','p175b.htm?open'
'躉','p175b.htm?open'
'躁','p175b.htm?open'
'躅','p175b.htm?open'
'躂','p175b.htm?open'
'躊','p176a.htm?open'
'躍','p176a.htm?open'
'躑','p176a.htm?open'
'躡','p176a.htm?open'
'躪','p176a.htm?open'
'身','p176a.htm?open'
'躬','p176b.htm?open'
'躲','p176b.htm?open'
'躺','p176b.htm?open'
'軀','p176b.htm?open'
'車','p176b.htm?open'
'軋','p176b.htm?open'
'軍','p176b.htm?open'
'軌','p176b.htm?open'
'軒','p176b.htm?open'
'軔','p176b.htm?open'
'軛','p176b.htm?open'
'軟','p177a.htm?open'
'軻','p177a.htm?open'
'軸','p177a.htm?open'
'軼','p177a.htm?open'
'較','p177a.htm?open'
'載','p177a.htm?open'
'軾','p177a.htm?open'
'輊','p177a.htm?open'
'輔','p177a.htm?open'
'輒','p177a.htm?open'
'輕','p177a.htm?open'
'輓','p177a.htm?open'
'輝','p177a.htm?open'
'輛','p177b.htm?open'
'輟','p177b.htm?open'
'輩','p177b.htm?open'
'輦','p177b.htm?open'
'輪','p177b.htm?open'
'輜','p177b.htm?open'
'輻','p177b.htm?open'
'輯','p177b.htm?open'
'輸','p177b.htm?open'
'轄','p177b.htm?open'
'輾','p177b.htm?open'
'轂','p177b.htm?open'
'轅','p177b.htm?open'
'輿','p178a.htm?open'
'轉','p178a.htm?open'
'轍','p178a.htm?open'
'轔','p178a.htm?open'
'轎','p178a.htm?open'
'轟','p178a.htm?open'
'轡','p178a.htm?open'
'辛','p178b.htm?open'
'辜','p178b.htm?open'
'辟','p178b.htm?open'
'辣','p178b.htm?open'
'辨','p178b.htm?open'
'辦','p178b.htm?open'
'辭','p178b.htm?open'
'辯','p178b.htm?open'
'辰','p178b.htm?open'
'辱','p179a.htm?open'
'農','p179a.htm?open'
'迂','p179a.htm?open'
'迆','p179a.htm?open'
'迅','p179a.htm?open'
'迄','p179a.htm?open'
'巡','p179a.htm?open'
'迎','p179a.htm?open'
'返','p179a.htm?open'
'近','p179a.htm?open'
'述','p179a.htm?open'
'迦','p179a.htm?open'
'迢','p179b.htm?open'
'迪','p179b.htm?open'
'迥','p179b.htm?open'
'迭','p179b.htm?open'
'迫','p179b.htm?open'
'送','p179b.htm?open'
'逆','p179b.htm?open'
'迷','p179b.htm?open'
'退','p179b.htm?open'
'迺','p179b.htm?open'
'迴','p179b.htm?open'
'逃','p179b.htm?open'
'追','p179b.htm?open'
'逅','p180a.htm?open'
'這','p180a.htm?open'
'逍','p180a.htm?open'
'通','p180a.htm?open'
'逗','p180a.htm?open'
'連','p180a.htm?open'
'速','p180a.htm?open'
'逝','p180a.htm?open'
'逐','p180a.htm?open'
'逕','p180a.htm?open'
'逞','p180a.htm?open'
'造','p180a.htm?open'
'透','p180a.htm?open'
'逢','p180b.htm?open'
'逖','p180b.htm?open'
'逛','p180b.htm?open'
'途','p180b.htm?open'
'逮','p180b.htm?open'
'逵','p180b.htm?open'
'週','p180b.htm?open'
'逸','p180b.htm?open'
'進','p180b.htm?open'
'運','p180b.htm?open'
'遊','p180b.htm?open'
'道','p180b.htm?open'
'遂','p180b.htm?open'
'達','p181a.htm?open'
'逼','p181a.htm?open'
'違','p181a.htm?open'
'遐','p181a.htm?open'
'遇','p181a.htm?open'
'遏','p181a.htm?open'
'過','p181a.htm?open'
'遍','p181a.htm?open'
'遑','p181a.htm?open'
'逾','p181a.htm?open'
'遁','p181a.htm?open'
'遠','p181a.htm?open'
'遘','p181a.htm?open'
'遜','p181b.htm?open'
'遣','p181b.htm?open'
'遙','p181b.htm?open'
'遞','p181b.htm?open'
'適','p181b.htm?open'
'遮','p181b.htm?open'
'遨','p181b.htm?open'
'遭','p181b.htm?open'
'遷','p181b.htm?open'
'遵','p181b.htm?open'
'遴','p181b.htm?open'
'選','p181b.htm?open'
'遲','p181b.htm?open'
'遼','p182a.htm?open'
'遺','p182a.htm?open'
'避','p182a.htm?open'
'遽','p182a.htm?open'
'還','p182a.htm?open'
'邁','p182a.htm?open'
'邂','p182a.htm?open'
'邀','p182a.htm?open'
'邇','p182a.htm?open'
'邊','p182a.htm?open'
'邐','p182a.htm?open'
'邏','p182b.htm?open'
'邑','p182b.htm?open'
'邢','p182b.htm?open'
'邪','p182b.htm?open'
'邦','p182b.htm?open'
'那','p182b.htm?open'
'邵','p182b.htm?open'
'邸','p182b.htm?open'
'邱','p182b.htm?open'
'郊','p183a.htm?open'
'郎','p183a.htm?open'
'郁','p183a.htm?open'
'邕','p183a.htm?open'
'郡','p183a.htm?open'
'部','p183a.htm?open'
'郭','p183a.htm?open'
'都','p183a.htm?open'
'鄂','p183a.htm?open'
'郵','p183a.htm?open'
'鄉','p183a.htm?open'
'鄒','p183a.htm?open'
'鄙','p183a.htm?open'
'鄰','p183a.htm?open'
'鄭','p183b.htm?open'
'鄧','p183b.htm?open'
'鄱','p183b.htm?open'
'鄹','p183b.htm?open'
'酉','p183b.htm?open'
'酋','p183b.htm?open'
'酊','p183b.htm?open'
'酒','p183b.htm?open'
'配','p183b.htm?open'
'酌','p183b.htm?open'
'酗','p183b.htm?open'
'酣','p183b.htm?open'
'酥','p184a.htm?open'
'酬','p184a.htm?open'
'酪','p184a.htm?open'
'酩','p184a.htm?open'
'酵','p184a.htm?open'
'酸','p184a.htm?open'
'酷','p184a.htm?open'
'醇','p184a.htm?open'
'醉','p184a.htm?open'
'醋','p184a.htm?open'
'醃','p184a.htm?open'
'醒','p184a.htm?open'
'醣','p184a.htm?open'
'醞','p184b.htm?open'
'醜','p184b.htm?open'
'醫','p184b.htm?open'
'醬','p184b.htm?open'
'醺','p184b.htm?open'
'釀','p184b.htm?open'
'釁','p184b.htm?open'
'采','p185a.htm?open'
'釉','p185a.htm?open'
'釋','p185a.htm?open'
'里','p185a.htm?open'
'重','p185a.htm?open'
'野','p185a.htm?open'
'量','p185a.htm?open'
'釐','p185a.htm?open'
'金','p185a.htm?open'
'釘','p185b.htm?open'
'針','p185b.htm?open'
'釗','p185b.htm?open'
'釜','p185b.htm?open'
'釵','p185b.htm?open'
'釦','p185b.htm?open'
'釣','p185b.htm?open'
'釧','p185b.htm?open'
'鈔','p185b.htm?open'
'鈣','p185b.htm?open'
'鈕','p185b.htm?open'
'鈉','p185b.htm?open'
'鈞','p185b.htm?open'
'鈍','p186a.htm?open'
'鈐','p186a.htm?open'
'鈷','p186a.htm?open'
'鉗','p186a.htm?open'
'鈸','p186a.htm?open'
'鈽','p186a.htm?open'
'鉀','p186a.htm?open'
'鈾','p186a.htm?open'
'鉛','p186a.htm?open'
'鉋','p186a.htm?open'
'鉤','p186a.htm?open'
'鉑','p186a.htm?open'
'鈴','p186a.htm?open'
'鉸','p186b.htm?open'
'銬','p186b.htm?open'
'銀','p186b.htm?open'
'銅','p186b.htm?open'
'銘','p186b.htm?open'
'銖','p186b.htm?open'
'鉻','p186b.htm?open'
'銓','p186b.htm?open'
'銜','p186b.htm?open'
'鋅','p186b.htm?open'
'銻','p186b.htm?open'
'銷','p186b.htm?open'
'鋪','p186b.htm?open'
'鋤','p187a.htm?open'
'鋁','p187a.htm?open'
'銳','p187a.htm?open'
'銼','p187a.htm?open'
'鋒','p187a.htm?open'
'錠','p187a.htm?open'
'錶','p187a.htm?open'
'鋸','p187a.htm?open'
'錳','p187a.htm?open'
'錯','p187a.htm?open'
'錢','p187a.htm?open'
'鋼','p187a.htm?open'
'錫','p187a.htm?open'
'錄','p187b.htm?open'
'錚','p187b.htm?open'
'錐','p187b.htm?open'
'錦','p187b.htm?open'
'鍍','p187b.htm?open'
'鎂','p187b.htm?open'
'錨','p187b.htm?open'
'鍵','p187b.htm?open'
'鍊','p187b.htm?open'
'鍥','p187b.htm?open'
'鍋','p187b.htm?open'
'錘','p187b.htm?open'
'鍾','p187b.htm?open'
'鍬','p188a.htm?open'
'鍛','p188a.htm?open'
'鍰','p188a.htm?open'
'鎔','p188a.htm?open'
'鎊','p188a.htm?open'
'鎖','p188a.htm?open'
'鎢','p188a.htm?open'
'鎳','p188a.htm?open'
'鎮','p188b.htm?open'
'鏡','p188b.htm?open'
'鏑','p188b.htm?open'
'鏟','p188b.htm?open'
'鏃','p188b.htm?open'
'鏈','p188b.htm?open'
'鏜','p188b.htm?open'
'鏝','p189a.htm?open'
'鏖','p189a.htm?open'
'鏢','p189a.htm?open'
'鏍','p189a.htm?open'
'鏘','p189a.htm?open'
'鏤','p189a.htm?open'
'鏗','p189b.htm?open'
'鐘','p189b.htm?open'
'鐃','p189b.htm?open'
'鏽','p189b.htm?open'
'鐮','p189b.htm?open'
'鐳','p189b.htm?open'
'鐵','p189b.htm?open'
'鐺','p190a.htm?open'
'鐸','p190a.htm?open'
'鐲','p190a.htm?open'
'鑄','p190a.htm?open'
'鑑','p190a.htm?open'
'鑒','p190a.htm?open'
'鑣','p190b.htm?open'
'鑠','p190b.htm?open'
'鑲','p190b.htm?open'
'鑰','p190b.htm?open'
'鑽','p190b.htm?open'
'鑾','p190b.htm?open'
'鑼','p190b.htm?open'
'鑿','p191a.htm?open'
'長','p191a.htm?open'
'門','p191a.htm?open'
'閂','p191a.htm?open'
'閃','p191a.htm?open'
'閉','p191a.htm?open'
'閔','p191a.htm?open'
'閏','p191a.htm?open'
'開','p191a.htm?open'
'閑','p191b.htm?open'
'間','p191b.htm?open'
'閒','p191b.htm?open'
'閘','p191b.htm?open'
'閡','p191b.htm?open'
'閨','p191b.htm?open'
'閩','p191b.htm?open'
'閣','p191b.htm?open'
'閥','p191b.htm?open'
'閤','p191b.htm?open'
'閭','p191b.htm?open'
'閱','p191b.htm?open'
'閻','p191b.htm?open'
'闊','p192a.htm?open'
'闋','p192a.htm?open'
'闌','p192a.htm?open'
'闈','p192a.htm?open'
'闆','p192a.htm?open'
'闔','p192a.htm?open'
'闖','p192a.htm?open'
'闐','p192a.htm?open'
'關','p192a.htm?open'
'闡','p192b.htm?open'
'闢','p192b.htm?open'
'阡','p192b.htm?open'
'防','p192b.htm?open'
'阮','p192b.htm?open'
'阱','p192b.htm?open'
'阪','p192b.htm?open'
'阜','p192b.htm?open'
'陀','p192b.htm?open'
'阿','p192b.htm?open'
'阻','p193a.htm?open'
'附','p193a.htm?open'
'限','p193a.htm?open'
'陋','p193a.htm?open'
'陌','p193a.htm?open'
'降','p193a.htm?open'
'院','p193a.htm?open'
'陣','p193a.htm?open'
'陡','p193a.htm?open'
'陛','p193a.htm?open'
'陝','p193a.htm?open'
'除','p193a.htm?open'
'陪','p193a.htm?open'
'陵','p193b.htm?open'
'陳','p193b.htm?open'
'陸','p193b.htm?open'
'陰','p193b.htm?open'
'陴','p193b.htm?open'
'陶','p193b.htm?open'
'陷','p193b.htm?open'
'隊','p193b.htm?open'
'階','p193b.htm?open'
'隋','p193b.htm?open'
'陽','p193b.htm?open'
'隅','p193b.htm?open'
'隆','p193b.htm?open'
'隍','p194a.htm?open'
'陲','p194a.htm?open'
'隘','p194a.htm?open'
'隔','p194a.htm?open'
'隕','p194a.htm?open'
'隙','p194a.htm?open'
'障','p194a.htm?open'
'際','p194a.htm?open'
'隧','p194a.htm?open'
'隨','p194a.htm?open'
'險','p194a.htm?open'
'隱','p194a.htm?open'
'隴','p194a.htm?open'
'隸','p194b.htm?open'
'隻','p194b.htm?open'
'雀','p194b.htm?open'
'雁','p194b.htm?open'
'雅','p194b.htm?open'
'雄','p194b.htm?open'
'雋','p194b.htm?open'
'集','p194b.htm?open'
'雇','p194b.htm?open'
'雍','p194b.htm?open'
'雉','p195a.htm?open'
'雌','p195a.htm?open'
'雕','p195a.htm?open'
'雖','p195a.htm?open'
'雜','p195a.htm?open'
'雙','p195a.htm?open'
'雛','p195a.htm?open'
'雞','p195a.htm?open'
'離','p195a.htm?open'
'難','p195b.htm?open'
'雨','p195b.htm?open'
'雪','p195b.htm?open'
'雯','p195b.htm?open'
'雲','p195b.htm?open'
'雷','p195b.htm?open'
'電','p195b.htm?open'
'雹','p195b.htm?open'
'零','p195b.htm?open'
'需','p195b.htm?open'
'霄','p196a.htm?open'
'霆','p196a.htm?open'
'震','p196a.htm?open'
'霉','p196a.htm?open'
'霎','p196a.htm?open'
'霑','p196a.htm?open'
'霖','p196a.htm?open'
'霍','p196a.htm?open'
'霓','p196a.htm?open'
'霏','p196a.htm?open'
'霜','p196a.htm?open'
'霞','p196a.htm?open'
'霪','p196a.htm?open'
'霧','p196b.htm?open'
'霸','p196b.htm?open'
'霹','p196b.htm?open'
'露','p196b.htm?open'
'霽','p196b.htm?open'
'霾','p196b.htm?open'
'靂','p197a.htm?open'
'靈','p197a.htm?open'
'靄','p197a.htm?open'
'青','p197a.htm?open'
'靖','p197a.htm?open'
'靛','p197a.htm?open'
'靜','p197a.htm?open'
'非','p197a.htm?open'
'靠','p197b.htm?open'
'靡','p197b.htm?open'
'面','p197b.htm?open'
'靦','p197b.htm?open'
'靨','p197b.htm?open'
'革','p197b.htm?open'
'靴','p197b.htm?open'
'靶','p197b.htm?open'
'靼','p197b.htm?open'
'鞅','p198a.htm?open'
'鞍','p198a.htm?open'
'鞋','p198a.htm?open'
'鞏','p198a.htm?open'
'鞘','p198a.htm?open'
'鞠','p198a.htm?open'
'鞣','p198a.htm?open'
'鞦','p198a.htm?open'
'鞭','p198a.htm?open'
'韃','p198a.htm?open'
'韁','p198b.htm?open'
'韆','p198b.htm?open'
'韋','p198b.htm?open'
'韌','p198b.htm?open'
'韓','p198b.htm?open'
'韜','p198b.htm?open'
'韭','p198b.htm?open'
'音','p199a.htm?open'
'章','p199a.htm?open'
'竟','p199a.htm?open'
'韶','p199a.htm?open'
'韻','p199a.htm?open'
'響','p199a.htm?open'
'頁','p199a.htm?open'
'頂','p199a.htm?open'
'頃','p199a.htm?open'
'項','p199b.htm?open'
'順','p199b.htm?open'
'須','p199b.htm?open'
'預','p199b.htm?open'
'頑','p199b.htm?open'
'頓','p199b.htm?open'
'頊','p199b.htm?open'
'頒','p199b.htm?open'
'頌','p199b.htm?open'
'頗','p199b.htm?open'
'領','p199b.htm?open'
'頡','p199b.htm?open'
'頰','p199b.htm?open'
'頸','p200a.htm?open'
'頻','p200a.htm?open'
'頷','p200a.htm?open'
'頭','p200a.htm?open'
'頹','p200a.htm?open'
'頤','p200a.htm?open'
'顆','p200a.htm?open'
'額','p200a.htm?open'
'顏','p200a.htm?open'
'題','p200a.htm?open'
'顎','p200b.htm?open'
'顓','p200b.htm?open'
'類','p200b.htm?open'
'願','p200b.htm?open'
'顛','p200b.htm?open'
'顧','p200b.htm?open'
'顫','p200b.htm?open'
'顯','p201a.htm?open'
'顰','p201a.htm?open'
'顱','p201a.htm?open'
'風','p201a.htm?open'
'颯','p201a.htm?open'
'颱','p201a.htm?open'
'颳','p201a.htm?open'
'颶','p201a.htm?open'
'颺','p201b.htm?open'
'颼','p201b.htm?open'
'飄','p201b.htm?open'
'飛','p201b.htm?open'
'食','p201b.htm?open'
'飢','p201b.htm?open'
'飧','p201b.htm?open'
'飪','p201b.htm?open'
'飯','p202a.htm?open'
'飩','p202a.htm?open'
'飲','p202a.htm?open'
'飭','p202a.htm?open'
'飼','p202a.htm?open'
'飴','p202a.htm?open'
'飽','p202a.htm?open'
'飾','p202a.htm?open'
'餃','p202a.htm?open'
'餅','p202a.htm?open'
'餌','p202a.htm?open'
'餉','p202a.htm?open'
'養','p202a.htm?open'
'餓','p202b.htm?open'
'餒','p202b.htm?open'
'餘','p202b.htm?open'
'餐','p202b.htm?open'
'館','p202b.htm?open'
'餞','p202b.htm?open'
'餛','p202b.htm?open'
'餡','p202b.htm?open'
'餵','p202b.htm?open'
'餾','p202b.htm?open'
'餿','p202b.htm?open'
'餽','p203a.htm?open'
'饅','p203a.htm?open'
'饒','p203a.htm?open'
'饑','p203a.htm?open'
'饜','p203a.htm?open'
'饞','p203a.htm?open'
'首','p203b.htm?open'
'香','p203b.htm?open'
'馥','p203b.htm?open'
'馨','p203b.htm?open'
'馬','p203b.htm?open'
'馮','p203b.htm?open'
'馭','p203b.htm?open'
'馳','p203b.htm?open'
'馱','p203b.htm?open'
'馴','p204a.htm?open'
'駁','p204a.htm?open'
'駝','p204a.htm?open'
'駐','p204a.htm?open'
'駟','p204a.htm?open'
'駛','p204a.htm?open'
'駑','p204a.htm?open'
'駕','p204a.htm?open'
'駒','p204a.htm?open'
'駙','p204a.htm?open'
'駭','p204a.htm?open'
'駢','p204a.htm?open'
'駱','p204a.htm?open'
'騁','p204b.htm?open'
'駿','p204b.htm?open'
'騎','p204b.htm?open'
'騖','p204b.htm?open'
'騙','p204b.htm?open'
'騫','p204b.htm?open'
'騰','p204b.htm?open'
'騷','p204b.htm?open'
'驅','p205a.htm?open'
'驃','p205a.htm?open'
'驀','p205a.htm?open'
'騾','p205a.htm?open'
'驕','p205a.htm?open'
'驚','p205a.htm?open'
'驛','p205b.htm?open'
'驗','p205b.htm?open'
'驟','p205b.htm?open'
'驢','p205b.htm?open'
'驥','p205b.htm?open'
'驪','p205b.htm?open'
'骨','p206a.htm?open'
'骯','p206a.htm?open'
'骰','p206a.htm?open'
'骷','p206a.htm?open'
'骸','p206a.htm?open'
'骼','p206a.htm?open'
'髏','p206a.htm?open'
'髒','p206a.htm?open'
'髓','p206a.htm?open'
'體','p206a.htm?open'
'高','p206b.htm?open'
'髦','p206b.htm?open'
'髮','p206b.htm?open'
'髯','p206b.htm?open'
'髻','p206b.htm?open'
'髭','p206b.htm?open'
'鬃','p206b.htm?open'
'鬆','p206b.htm?open'
'鬍','p207a.htm?open'
'鬚','p207a.htm?open'
'鬢','p207a.htm?open'
'鬥','p207a.htm?open'
'鬧','p207a.htm?open'
'鬨','p207a.htm?open'
'鬱','p207a.htm?open'
'鬲','p207b.htm?open'
'鬼','p207b.htm?open'
'魁','p207b.htm?open'
'魂','p207b.htm?open'
'魅','p207b.htm?open'
'魄','p207b.htm?open'
'魏','p207b.htm?open'
'魔','p207b.htm?open'
'魘','p207b.htm?open'
'魚','p208a.htm?open'
'魷','p208a.htm?open'
'魯','p208a.htm?open'
'鮑','p208a.htm?open'
'鮮','p208a.htm?open'
'鮫','p208a.htm?open'
'鮪','p208a.htm?open'
'鯊','p208a.htm?open'
'鯉','p208a.htm?open'
'鯽','p208b.htm?open'
'鯨','p208b.htm?open'
'鯧','p208b.htm?open'
'鰓','p208b.htm?open'
'鰍','p208b.htm?open'
'鰭','p208b.htm?open'
'鰥','p208b.htm?open'
'鱉','p209a.htm?open'
'鰱','p209a.htm?open'
'鰾','p209a.htm?open'
'鰻','p209a.htm?open'
'鱔','p209a.htm?open'
'鱗','p209a.htm?open'
'鱖','p209b.htm?open'
'鱷','p209b.htm?open'
'鱸','p209b.htm?open'
'鳥','p209b.htm?open'
'鳩','p209b.htm?open'
'鳴','p209b.htm?open'
'鳶','p209b.htm?open'
'鳳','p209b.htm?open'
'鴆','p209b.htm?open'
'鴉','p210a.htm?open'
'鴕','p210a.htm?open'
'鴣','p210a.htm?open'
'鴦','p210a.htm?open'
'鴨','p210a.htm?open'
'鴒','p210a.htm?open'
'鴛','p210a.htm?open'
'鴻','p210a.htm?open'
'鴿','p210a.htm?open'
'鵑','p210a.htm?open'
'鵝','p210a.htm?open'
'鵠','p210b.htm?open'
'鶉','p210b.htm?open'
'鵡','p210b.htm?open'
'鵲','p210b.htm?open'
'鵪','p210b.htm?open'
'鵬','p210b.htm?open'
'鶯','p210b.htm?open'
'鶴','p211a.htm?open'
'鷂','p211a.htm?open'
'鷓','p211a.htm?open'
'鷗','p211a.htm?open'
'鷥','p211a.htm?open'
'鷹','p211a.htm?open'
'鷺','p211b.htm?open'
'鸚','p211b.htm?open'
'鸞','p211b.htm?open'
'鹹','p211b.htm?open'
'鹼','p211b.htm?open'
'鹽','p211b.htm?open'
'鹿','p212a.htm?open'
'麂','p212a.htm?open'
'麋','p212a.htm?open'
'麒','p212a.htm?open'
'麗','p212a.htm?open'
'麓','p212a.htm?open'
'麝','p212a.htm?open'
'麟','p212a.htm?open'
'麥','p212b.htm?open'
'麩','p212b.htm?open'
'麴','p212b.htm?open'
'麵','p212b.htm?open'
'麻','p212b.htm?open'
'麼','p212b.htm?open'
'麾','p212b.htm?open'
'黃','p213a.htm?open'
'黍','p213a.htm?open'
'黎','p213a.htm?open'
'黏','p213a.htm?open'
'黑','p213a.htm?open'
'墨','p213a.htm?open'
'默','p213a.htm?open'
'黔','p213a.htm?open'
'點','p213a.htm?open'
'黜','p213a.htm?open'
'黝','p213a.htm?open'
'黛','p213b.htm?open'
'黠','p213b.htm?open'
'黨','p213b.htm?open'
'黯','p213b.htm?open'
'黴','p213b.htm?open'
'黷','p213b.htm?open'
'鼇','p213b.htm?open'
'鼎','p214a.htm?open'
'鼓','p214a.htm?open'
'鼕','p214a.htm?open'
'鼙','p214a.htm?open'
'鼠','p214a.htm?open'
'鼬','p214a.htm?open'
'鼴','p214b.htm?open'
'鼻','p214b.htm?open'
'鼾','p214b.htm?open'
'齊','p214b.htm?open'
'齋','p214b.htm?open'
'齒','p214b.htm?open'
'齟','p214b.htm?open'
'齣','p214b.htm?open'
'齡','p215a.htm?open'
'齜','p215a.htm?open'
'齦','p215a.htm?open'
'齬','p215a.htm?open'
'齪','p215a.htm?open'
'齷','p215a.htm?open'
'齲','p215b.htm?open'
'龍','p215b.htm?open'
'龔','p215b.htm?open'
'龜','p215b.htm?open'
