啊,啊,甲
矮,矮,甲
愛,爱,甲
愛人,爱人,甲
安靜,安静,甲
安排,安排,甲
八,八,甲
吧,吧,甲
把,把,甲
爸爸,爸爸,甲
白,白,甲
百,百,甲
擺,摆,甲
班,班,甲
搬,搬,甲
辦,办,甲
辦法,办法,甲
辦公室,办公室,甲
半,半,甲
半天,半天,甲
幫助,帮助,甲
飽,饱,甲
報,报,甲
抱,抱,甲
杯,杯,甲
杯子,杯子,甲
北,北,甲
北邊,北边,甲
倍,倍,甲
被,被,甲
本,本,甲
本子,本子,甲
比,比,甲
比較,比较,甲
比賽,比赛,甲
筆,笔,甲
必須,必须,甲
邊,边,甲
變,变,甲
變成,变成,甲
變化,变化,甲
遍,遍,甲
表,表,甲
表示,表示,甲
表現,表现,甲
表演,表演,甲
表揚,表扬,甲
别,别,甲
别的,别的,甲
别人,别人,甲
病,病,甲
不,不,甲
不錯,不错,甲
不但,不但,甲
不久,不久,甲
不如,不如,甲
不同,不同,甲
不要,不要,甲
不用,不用,甲
布,布,甲
部分,部分,甲
擦,擦,甲
才,才,甲
菜,菜,甲
參觀,参观,甲
參加,参加,甲
操場,操场,甲
草,草,甲
層,层,甲
查,查,甲
茶,茶,甲
差,差,甲
長,长,甲
常,常,甲
常常,常常,甲
場,场,甲
唱,唱,甲
朝,朝,甲
車,车,甲
車站,车站,甲
成,成,甲
成績,成绩,甲
城,城,甲
城市,城市,甲
吃,吃,甲
遲到,迟到,甲
抽,抽,甲
出,出,甲
出發,出发,甲
出來,出来,甲
出去,出去,甲
出現,出现,甲
出租汽車,出租汽车,甲
除了...以外,除了...以外,甲
穿,穿,甲
船,船,甲
窗,窗,甲
窗戶,窗户,甲
床,床,甲
吹,吹,甲
春,春,甲
春天,春天,甲
詞,词,甲
詞典,词典,甲
磁帶,磁带,甲
次,次,甲
從,从,甲
從...到...,从...到...,甲
從...起,从...起,甲
從前,从前,甲
錯,错,甲
錯誤,错误,甲
打,打,甲
打算,打算,甲
大,大,甲
大夫,大夫,甲
大概,大概,甲
大家,大家,甲
大聲,大声,甲
大學,大学,甲
代表,代表,甲
帶,带,甲
戴,戴,甲
但是,但是,甲
當,当,甲
當然,当然,甲
刀,刀,甲
倒,倒,甲
到,到,甲
道,道,甲
道理,道理,甲
得,得,甲
得到,得到,甲
得很,得很,甲
的,的,甲
燈,灯,甲
等,等,甲
低,低,甲
地,地,甲
地方,地方,甲
弟弟,弟弟,甲
第,第,甲
點,点,甲
點心,点心,甲
點鐘,点钟,甲
電,电,甲
電車,电车,甲
電燈,电灯,甲
電話,电话,甲
電視,电视,甲
電影,电影,甲
掉,掉,甲
丟,丢,甲
東,东,甲
東邊,东边,甲
東西,东西,甲
冬,冬,甲
冬天,冬天,甲
懂,懂,甲
動,动,甲
動物,动物,甲
都,都,甲
讀,读,甲
短,短,甲
段,段,甲
鍛鍊,锻炼,甲
對,对,甲
對不起,对不起,甲
頓,顿,甲
多,多,甲
多麼,多么,甲
多少,多少,甲
餓,饿,甲
兒子,儿子,甲
而且,而且,甲
二,二,甲
發,发,甲
發燒,发烧,甲
發生,发生,甲
發現,发现,甲
發展,发展,甲
法語,法语,甲
翻,翻,甲
翻譯,翻译,甲
反對,反对,甲
飯,饭,甲
飯店,饭店,甲
方便,方便,甲
方法,方法,甲
方面,方面,甲
方向,方向,甲
房間,房间,甲
訪問,访问,甲
放,放,甲
放假,放假,甲
飛,飞,甲
飛機,飞机,甲
非常,非常,甲
分,分,甲
...分之...,...分之...,甲
分鐘,分钟,甲
豐富,丰富,甲
風,风,甲
封,封,甲
夫人,夫人,甲
服務,服务,甲
服務員,服务员,甲
輔導,辅导,甲
父親,父亲,甲
負責,负责,甲
附近,附近,甲
複習,复习,甲
複雜,复杂,甲
該,该,甲
改,改,甲
改變,改变,甲
干,干,甲
幹部,干部,甲
乾淨,干净,甲
敢,敢,甲
感到,感到,甲
感冒,感冒,甲
感謝,感谢,甲
剛,刚,甲
剛才,刚才,甲
鋼筆,钢笔,甲
高,高,甲
高興,高兴,甲
搞,搞,甲
告訴,告诉,甲
哥哥,哥哥,甲
歌,歌,甲
個,个,甲
各,各,甲
各種,各种,甲
給,给,甲
根,根,甲
跟,跟,甲
更,更,甲
工廠,工厂,甲
工人,工人,甲
工業,工业,甲
工作,工作,甲
公共汽車,公共汽车,甲
公斤,公斤,甲
公里,公里,甲
公園,公园,甲
夠,够,甲
姑娘,姑娘,甲
故事,故事,甲
刮,刮,甲
掛,挂,甲
關,关,甲
關係,关系,甲
關心,关心,甲
館,馆,甲
廣播,广播,甲
貴,贵,甲
貴姓,贵姓,甲
國,国,甲
國家,国家,甲
過,过,甲
過來,过来,甲
過去,过去,甲
哈哈,哈哈,甲
孩子,孩子,甲
海,海,甲
寒假,寒假,甲
喊,喊,甲
漢語,汉语,甲
漢字,汉字,甲
好,好,甲
好吃,好吃,甲
好處,好处,甲
好看,好看,甲
好像,好像,甲
號,号,甲
喝,喝,甲
合適,合适,甲
和,和,甲
河,河,甲
黑,黑,甲
黑板,黑板,甲
很,很,甲
紅,红,甲
後,后,甲
後邊,后边,甲
忽然,忽然,甲
湖,湖,甲
互相,互相,甲
花,花,甲
化學,化学,甲
畫,画|,甲
畫兒,画儿|儿,甲
話,话,甲
壞,坏,甲
歡迎,欢迎,甲
還,还,甲
還是,还是,甲
換,换,甲
黃,黄,甲
回,回,甲
回答,回答,甲
回來,回来,甲
回去,回去,甲
會,会,甲
會話,会话,甲
活,活,甲
活動,活动,甲
活兒,活儿,甲
火車,火车,甲
或者,或者,甲
機場,机场,甲
機會,机会,甲
機器,机器,甲
雞,鸡,甲
雞蛋,鸡蛋,甲
...極了,...极了,甲
基本,基本,甲
基礎,基础,甲
急,急,甲
集合,集合,甲
幾,几,甲
擠,挤,甲
計劃,计划,甲
記,记,甲
技術,技术,甲
繼續,继续,甲
寄,寄,甲
加,加,甲
家,家,甲
家庭,家庭,甲
堅持,坚持,甲
間,间,甲
檢查,检查,甲
簡單,简单,甲
見,见,甲
見面,见面,甲
件,件,甲
建設,建设,甲
健康,健康,甲
江,江,甲
將來,将来,甲
講,讲,甲
交,交,甲
角,角,甲
餃子,饺子,甲
腳,脚,甲
叫,叫,甲
教,教,甲
教室,教室,甲
教育,教育,甲
接,接,甲
接著,接着,甲
街,街,甲
節,节,甲
節目,节目,甲
節日,节日,甲
結果,结果,甲
結束,结束,甲
姐姐,姐姐,甲
解決,解决,甲
介紹,介绍,甲
借,借,甲
今年,今年,甲
今天,今天,甲
斤,斤,甲
緊,紧,甲
緊張,紧张,甲
近,近,甲
進,进,甲
進來,进来,甲
進去,进去,甲
進行,进行,甲
經常,经常,甲
經過,经过,甲
經濟,经济,甲
經驗,经验,甲
精彩,精彩,甲
精神,精神,甲
九,九,甲
久,久,甲
酒,酒,甲
舊,旧,甲
就,就,甲
橘子,橘子,甲
舉,举,甲
句,句,甲
句子,句子,甲
決定,决定,甲
覺得,觉得,甲
咖啡,咖啡,甲
卡車,卡车,甲
開,开,甲
開始,开始,甲
開玩笑,开玩笑,甲
開學,开学,甲
看,看,甲
看病,看病,甲
看見,看见,甲
考試,考试,甲
科學,科学,甲
棵,棵,甲
咳嗽,咳嗽,甲
可能,可能,甲
可是,可是,甲
可以,可以,甲
渴,渴,甲
克,克,甲
刻,刻,甲
客氣,客气,甲
課,课,甲
課本,课本,甲
課文,课文,甲
空氣,空气,甲
口,口,甲
口語,口语,甲
哭,哭,甲
苦,苦,甲
塊,块,甲
快,快,甲
困難,困难,甲
拉,拉,甲
啦,啦,甲
來,来,甲
藍,蓝,甲
籃球,篮球,甲
勞動,劳动,甲
勞駕,劳驾,甲
老,老,甲
老師,老师,甲
累,累,甲
冷,冷,甲
離,离,甲
離開,离开,甲
禮物,礼物,甲
裡,里,甲
裡邊,里边,甲
歷史,历史,甲
立刻,立刻,甲
利用,利用,甲
例如,例如,甲
倆,俩,甲
連...都...,连...都...,甲
聯繫,联系,甲
臉,脸,甲
練習,练习,甲
涼快,凉快,甲
兩,两,甲
亮,亮,甲
輛,辆,甲
了,了,甲
瞭解,了解,甲
零,零,甲
領導,领导,甲
流,流,甲
留,留,甲
留念,留念,甲
留學生,留学生,甲
六,六,甲
樓,楼,甲
錄音,录音,甲
路,路,甲
旅行,旅行,甲
綠,绿,甲
亂,乱,甲
媽媽,妈妈,甲
麻煩,麻烦,甲
馬,马,甲
馬上,马上,甲
嗎,吗,甲
嘛,嘛,甲
買,买,甲
賣,卖,甲
滿,满,甲
滿意,满意,甲
慢,慢,甲
忙,忙,甲
毛,毛,甲
帽子,帽子,甲
沒,没,甲
沒關係,没关系,甲
沒意思,没意思,甲
沒有,没有,甲
每,每,甲
妹妹,妹妹,甲
門,门,甲
門口,门口,甲
們,们,甲
米,米,甲
米飯,米饭,甲
麵包,面包,甲
麵條兒,面条儿,甲
民族,民族,甲
名字,名字,甲
明年,明年,甲
明天,明天,甲
母親,母亲,甲
目前,目前,甲
拿,拿,甲
哪,哪,甲
哪裡,哪里,甲
內,内,甲
內容,内容,甲
那,那,甲
那個,那个,甲
那裡,那里,甲
那麼,那么,甲
那些,那些,甲
那樣,那样,甲
男,男,甲
南,南,甲
南邊,南边,甲
難,难,甲
吶,呐,甲
呢,呢,甲
能,能,甲
能夠,能够,甲
嗯,嗯,甲
你,你,甲
你們,你们,甲
年,年,甲
年級,年级,甲
年紀,年纪,甲
年輕,年轻,甲
念,念,甲
您,您,甲
牛,牛,甲
牛奶,牛奶,甲
農村,农村,甲
農民,农民,甲
農業,农业,甲
努力,努力,甲
女,女,甲
女兒,女儿,甲
暖和,暖和,甲
爬,爬,甲
怕,怕,甲
拍,拍,甲
排球,排球,甲
派,派,甲
旁邊,旁边,甲
跑,跑,甲
跑步,跑步,甲
朋友,朋友,甲
碰,碰,甲
批評,批评,甲
啤酒,啤酒,甲
便宜,便宜,甲
片,片,甲
篇,篇,甲
漂亮,漂亮,甲
票,票,甲
蘋果,苹果,甲
瓶,瓶,甲
破,破,甲
七,七,甲
騎,骑,甲
起,起,甲
起床,起床,甲
起來,起来,甲
汽車,汽车,甲
汽水,汽水,甲
千,千,甲
鉛筆,铅笔,甲
前,前,甲
前邊,前边,甲
錢,钱,甲
淺,浅,甲
牆,墙,甲
橋,桥,甲
青年,青年,甲
輕,轻,甲
清楚,清楚,甲
情況,情况,甲
晴,晴,甲
請,请,甲
請假,请假,甲
請問,请问,甲
秋,秋,甲
秋天,秋天,甲
球,球,甲
取得,取得,甲
去,去,甲
去年,去年,甲
全,全,甲
全部,全部,甲
全體,全体,甲
確實,确实,甲
然後,然后,甲
讓,让,甲
熱,热,甲
熱情,热情,甲
人,人,甲
人們,人们,甲
人民,人民,甲
認識,认识,甲
認為,认为,甲
認真,认真,甲
任何,任何,甲
日,日,甲
日語,日语,甲
日子,日子,甲
容易,容易,甲
肉,肉,甲
三,三,甲
散步,散步,甲
山,山,甲
商店,商店,甲
上,上,甲
上邊,上边,甲
上課,上课,甲
上來,上来,甲
上去,上去,甲
上午,上午,甲
上學,上学,甲
少,少,甲
社會,社会,甲
身體,身体,甲
深,深,甲
生產,生产,甲
生詞,生词,甲
生活,生活,甲
生日,生日,甲
聲,声,甲
聲調,声调,甲
聲音,声音,甲
勝利,胜利,甲
省,省,甲
剩,剩,甲
師傅,师傅,甲
十,十,甲
十分,十分,甲
什麼,什么,甲
時候,时候,甲
時間,时间,甲
實踐,实践,甲
實現,实现,甲
食堂,食堂,甲
使用,使用,甲
世界,世界,甲
市,市,甲
事,事,甲
事情,事情,甲
試,试,甲
是,是,甲
收,收,甲
收拾,收拾,甲
手,手,甲
手錶,手表,甲
首都,首都,甲
書,书,甲
舒服,舒服,甲
輸,输,甲
熟,熟,甲
樹,树,甲
數,数,甲
數學,数学,甲
雙,双,甲
誰,谁,甲
水,水,甲
水果,水果,甲
水平,水平,甲
睡,睡,甲
睡覺,睡觉,甲
說,说,甲
說明,说明,甲
思想,思想,甲
死,死,甲
四,四,甲
送,送,甲
宿舍,宿舍,甲
酸,酸,甲
算,算,甲
雖然,虽然,甲
歲,岁,甲
所以,所以,甲
所有,所有,甲
他,他,甲
他們,他们,甲
它,它,甲
它們,它们,甲
她,她,甲
她們,她们,甲
抬,抬,甲
太,太,甲
太陽,太阳,甲
態度,态度,甲
談,谈,甲
湯,汤,甲
糖,糖,甲
躺,躺,甲
討論,讨论,甲
特別,特别,甲
疼,疼,甲
踢,踢,甲
提,提,甲
提高,提高,甲
體育,体育,甲
天,天,甲
天氣,天气,甲
條,条,甲
條件,条件,甲
跳,跳,甲
跳舞,跳舞,甲
聽,听,甲
聽見,听见,甲
聽說,听说,甲
聽寫,听写,甲
停,停,甲
挺,挺,甲
通,通,甲
通過,通过,甲
通知,通知,甲
同時,同时,甲
同學,同学,甲
同意,同意,甲
同志,同志,甲
痛快,痛快,甲
頭,头,甲
突然,突然,甲
圖書館,图书馆,甲
團結,团结,甲
推,推,甲
腿,腿,甲
退,退,甲
脫,脱,甲
襪子,袜子,甲
外,外,甲
外邊,外边,甲
外國,外国,甲
外語,外语,甲
完,完,甲
完成,完成,甲
完全,完全,甲
玩兒,玩儿,甲
晚,晚,甲
晚飯,晚饭,甲
晚會,晚会,甲
晚上,晚上,甲
碗,碗,甲
萬,万,甲
往,往,甲
忘,忘,甲
危險,危险,甲
為,为,甲
為了,为了,甲
為什麼,为什么,甲
偉大,伟大,甲
位,位,甲
喂,喂,甲
文化,文化,甲
文學,文学,甲
文學家,文学家,甲
文藝,文艺,甲
文章,文章,甲
問,问,甲
問好,问好,甲
問題,问题,甲
我,我,甲
我們,我们,甲
握手,握手,甲
屋子,屋子,甲
五,五,甲
午飯,午饭,甲
物理,物理,甲
西,西,甲
西邊,西边,甲
希望,希望,甲
習慣,习惯,甲
洗,洗,甲
洗澡,洗澡,甲
喜歡,喜欢,甲
系,系,甲
細,细,甲
下,下,甲
下邊,下边,甲
下課,下课,甲
下來,下来,甲
下去,下去,甲
下午,下午,甲
夏,夏,甲
夏天,夏天,甲
先,先,甲
先生,先生,甲
現代,现代,甲
現在,现在,甲
相信,相信,甲
香,香,甲
香蕉,香蕉,甲
響,响,甲
想,想,甲
向,向,甲
像,像,甲
消息,消息,甲
小,小,甲
小孩兒,小孩儿,甲
小姐,小姐,甲
小時,小时,甲
笑,笑,甲
些,些,甲
鞋,鞋,甲
寫,写,甲
謝謝,谢谢,甲
心,心,甲
辛苦,辛苦,甲
新,新,甲
新年,新年,甲
新聞,新闻,甲
信,信,甲
信封,信封,甲
星期,星期,甲
星期日,星期日,甲
行,行,甲
姓,姓,甲
幸福,幸福,甲
休息,休息,甲
需要,需要,甲
許多,许多,甲
學,学,甲
學生,学生,甲
學習,学习,甲
學校,学校,甲
學院,学院,甲
雪,雪,甲
呀,呀,甲
研究,研究,甲
顏色,颜色,甲
眼睛,眼睛,甲
演出,演出,甲
宴會,宴会,甲
羊,羊,甲
樣子,样子,甲
藥,药,甲
要,要,甲
要求,要求,甲
要是,要是,甲
也,也,甲
也許,也许,甲
頁,页,甲
夜,夜,甲
一,一,甲
一...就...,一...就...,甲
一般,一般,甲
一邊...一邊...,一边...一边...,甲
一點兒,一点儿,甲
一定,一定,甲
一共,一共,甲
一會兒,一会儿,甲
一塊兒,一块儿,甲
一起,一起,甲
一切,一切,甲
一下兒,一下儿,甲
一些,一些,甲
一樣,一样,甲
一直,一直,甲
衣服,衣服,甲
醫生,医生,甲
醫院,医院,甲
已經,已经,甲
以後,以后,甲
以前,以前,甲
以為,以为,甲
椅子,椅子,甲
億,亿,甲
藝術,艺术,甲
意見,意见,甲
意思,意思,甲
意義,意义,甲
因為,因为,甲
陰,阴,甲
音樂,音乐,甲
銀行,银行,甲
應該,应该,甲
英語,英语,甲
贏,赢,甲
影響,影响,甲
永遠,永远,甲
用,用,甲
尤其,尤其,甲
郵局,邮局,甲
郵票,邮票,甲
游泳,游泳,甲
友好,友好,甲
友誼,友谊,甲
有,有,甲
有的,有的,甲
有名,有名,甲
有時候,有时候,甲
有些,有些,甲
有意思,有意思,甲
又,又,甲
右,右,甲
魚,鱼,甲
愉快,愉快,甲
雨,雨,甲
語法,语法,甲
語言,语言,甲
預習,预习,甲
遇到,遇到,甲
元,元,甲
原來,原来,甲
原諒,原谅,甲
圓,圆,甲
遠,远,甲
願意,愿意,甲
月,月,甲
月亮,月亮,甲
月球,月球,甲
雲,云,甲
運動,运动,甲
再,再,甲
再見,再见,甲
在,在,甲
咱,咱,甲
咱們,咱们,甲
臟,脏,甲
早,早,甲
早晨,早晨,甲
早飯,早饭,甲
怎麼,怎么,甲
怎麼樣,怎么样,甲
怎樣,怎样,甲
增加,增加,甲
展覽,展览,甲
占,占,甲
站,站,甲
張,张,甲
掌握,掌握,甲
找,找,甲
照顧,照顾,甲
照相,照相,甲
這,这,甲
這個,这个,甲
這裡,这里,甲
這麼,这么,甲
這些,这些,甲
這樣,这样,甲
真,真,甲
真正,真正,甲
整齊,整齐,甲
正,正,甲
正確,正确,甲
正在,正在,甲
政府,政府,甲
政治,政治,甲
支,支,甲
知道,知道,甲
知識,知识,甲
...之間,...之间,甲
只,只,甲
只好,只好,甲
紙,纸,甲
指,指,甲
中,中,甲
中間,中间,甲
中文,中文,甲
中午,中午,甲
中學,中学,甲
鐘,钟,甲
鐘頭,钟头,甲
種,种,甲
重,重,甲
重要,重要,甲
周,周,甲
周圍,周围,甲
豬,猪,甲
主要,主要,甲
主意,主意,甲
住,住,甲
注意,注意,甲
祝,祝,甲
裝,装,甲
準備,准备,甲
桌子,桌子,甲
著,着,甲
著急,着急,甲
字,字,甲
自己,自己,甲
自行車,自行车,甲
總是,总是,甲
走,走,甲
足球,足球,甲
組織,组织,甲
祖國,祖国,甲
嘴,嘴,甲
最,最,甲
最初,最初,甲
最後,最后,甲
最近,最近,甲
昨天,昨天,甲
左,左,甲
作,作,甲
作業,作业,甲
坐,坐,甲
座,座,甲
做,做,甲
阿,阿,乙
阿拉伯語,阿拉伯语,乙
阿姨,阿姨,乙
哎,哎,乙
哎呀,哎呀,乙
挨,挨,乙
愛好,爱好,乙
愛護,爱护,乙
愛情,爱情,乙
安全,安全,乙
安慰,安慰,乙
安心,安心,乙
岸,岸,乙
按,按,乙
按時,按时,乙
按照,按照,乙
暗,暗,乙
拔,拔,乙
白,白,乙
白菜,白菜,乙
白天,白天,乙
敗,败,乙
班長,班长,乙
板,板,乙
辦公,办公,乙
辦事,办事,乙
半導體,半导体,乙
半拉,半拉,乙
半夜,半夜,乙
幫,帮,乙
幫忙,帮忙,乙
榜樣,榜样,乙
傍晚,傍晚,乙
包,包,乙
包,包,乙
包括,包括,乙
包子,包子,乙
寶貴,宝贵,乙
保,保,乙
保持,保持,乙
保存,保存,乙
保護,保护,乙
保留,保留,乙
保衛,保卫,乙
保證,保证,乙
報到,报到,乙
報道,报道,乙
報告,报告,乙
報名,报名,乙
報紙,报纸,乙
抱歉,抱歉,乙
悲痛,悲痛,乙
碑,碑,乙
北部,北部,乙
北方,北方,乙
北面,北面,乙
背,背,乙
背,背,乙
背後,背后,乙
被子,被子,乙
本,本,乙
本,本,乙
本來,本来,乙
本領,本领,乙
本事,本事,乙
本質,本质,乙
笨,笨,乙
逼,逼,乙
鼻子,鼻子,乙
比例,比例,乙
比如,比如,乙
筆記,笔记,乙
必然,必然,乙
必要,必要,乙
畢業,毕业,乙
閉,闭,乙
避,避,乙
避免,避免,乙
邊...邊...,边...边...,乙
編,编,乙
扁,扁,乙
便,便,乙
便條,便条,乙
遍,遍,乙
標點,标点,乙
標準,标准,乙
表達,表达,乙
表面,表面,乙
表明,表明,乙
賓館,宾馆,乙
冰,冰,乙
兵,兵,乙
餅乾,饼干,乙
並,并,乙
並,并,乙
並且,并且,乙
病房,病房,乙
病菌,病菌,乙
病人,病人,乙
玻璃,玻璃,乙
脖子,脖子,乙
伯伯,伯伯,乙
伯父,伯父,乙
伯母,伯母,乙
薄,薄,乙
補,补,乙
補充,补充,乙
補課,补课,乙
補習,补习,乙
捕,捕,乙
不必,不必,乙
不大,不大,乙
不得不,不得不,乙
不得了,不得了,乙
不斷,不断,乙
不敢當,不敢当,乙
不管,不管,乙
不過,不过,乙
不好意思,不好意思,乙
不僅,不仅,乙
不論,不论,乙
不平,不平,乙
不然,不然,乙
不少,不少,乙
不是嗎,不是吗,乙
不行,不行,乙
不幸,不幸,乙
不許,不许,乙
不要緊,不要紧,乙
不一定,不一定,乙
不住,不住,乙
佈置,布置,乙
步,步,乙
部,部,乙
部長,部长,乙
部隊,部队,乙
部門,部门,乙
猜,猜,乙
材料,材料,乙
采,采,乙
採購,采购,乙
採取,采取,乙
採用,采用,乙
彩色,彩色,乙
踩,踩,乙
餐廳,餐厅,乙
藏,藏,乙
草地,草地,乙
草原,草原,乙
冊,册,乙
廁所,厕所,乙
測驗,测验,乙
叉子,叉子,乙
插,插,乙
差,差,乙
差不多,差不多,乙
差點兒,差点儿,乙
拆,拆,乙
產量,产量,乙
產品,产品,乙
產生,产生,乙
長期,长期,乙
長途,长途,乙
嘗,尝,乙
抄,抄,乙
抄寫,抄写,乙
超,超,乙
超過,超过,乙
吵,吵,乙
車間,车间,乙
徹底,彻底,乙
沉默,沉默,乙
闖,闯,乙
襯衫,衬衫,乙
襯衣,衬衣,乙
稱,称,乙
稱讚,称赞,乙
趁,趁,乙
成長,成长,乙
成分,成分,乙
成功,成功,乙
成果,成果,乙
成就,成就,乙
成立,成立,乙
成熟,成熟,乙
成為,成为,乙
承認,承认,乙
誠懇,诚恳,乙
誠實,诚实,乙
乘,乘,乙
程度,程度,乙
吃驚,吃惊,乙
尺,尺,乙
翅膀,翅膀,乙
充分,充分,乙
充滿,充满,乙
充足,充足,乙
沖,冲,乙
蟲子,虫子,乙
崇高,崇高,乙
抽象,抽象,乙
愁,愁,乙
臭,臭,乙
出版,出版,乙
出口,出口,乙
出生,出生,乙
出席,出席,乙
出院,出院,乙
初,初,乙
初步,初步,乙
初級,初级,乙
除,除,乙
廚房,厨房,乙
處,处,乙
處分,处分,乙
處理,处理,乙
傳,传,乙
傳播,传播,乙
傳統,传统,乙
創,创,乙
創造,创造,乙
創作,创作,乙
春節,春节,乙
此,此,乙
此外,此外,乙
刺,刺,乙
從...出發,从...出发,乙
從不,从不,乙
從沒,从没,乙
從此,从此,乙
從而,从而,乙
從來,从来,乙
從事,从事,乙
聰明,聪明,乙
粗,粗,乙
促進,促进,乙
醋,醋,乙
催,催,乙
存,存,乙
存在,存在,乙
寸,寸,乙
措施,措施,乙
搭,搭,乙
達到,达到,乙
答,答,乙
答案,答案,乙
答卷,答卷,乙
答應,答应,乙
打扮,打扮,乙
打倒,打倒,乙
打擾,打扰,乙
打聽,打听,乙
打針,打针,乙
大膽,大胆,乙
大多數,大多数,乙
大會,大会,乙
大伙兒,大伙儿,乙
大街,大街,乙
大量,大量,乙
大陸,大陆,乙
大米,大米,乙
大批,大批,乙
大人,大人,乙
大使館,大使馆,乙
大小,大小,乙
大型,大型,乙
大衣,大衣,乙
大約,大约,乙
呆,呆,乙
呆,呆,乙
代,代,乙
代替,代替,乙
待,待,乙
袋,袋,乙
單,单,乙
單,单,乙
單詞,单词,乙
單調,单调,乙
單位,单位,乙
擔任,担任,乙
擔心,担心,乙
但,但,乙
彈,弹,乙
淡,淡,乙
蛋,蛋,乙
蛋糕,蛋糕,乙
當,当,乙
當...的時候,当...的时候,乙
當地,当地,乙
當年,当年,乙
當前,当前,乙
當時,当时,乙
當做,当做,乙
擋,挡,乙
黨,党,乙
黨員,党员,乙
刀子,刀子,乙
島,岛,乙
倒,倒,乙
倒是,倒是,乙
到處,到处,乙
到達,到达,乙
到底,到底,乙
到底,到底,乙
道,道,乙
道,道,乙
道德,道德,乙
道路,道路,乙
道歉,道歉,乙
德語,德语,乙
...的話...,...的话...,乙
的確,的确,乙
登,登,乙
登記,登记,乙
等,等,乙
等待,等待,乙
等於,等于,乙
低下,低下,乙
滴,滴,乙
敵人,敌人,乙
地帶,地带,乙
地點,地点,乙
地方,地方,乙
地面,地面,乙
地球,地球,乙
地區,地区,乙
地圖,地图,乙
地位,地位,乙
地下,地下,乙
位址,地址,乙
遞,递,乙
電報,电报,乙
電雪櫃,电冰箱,乙
電風扇,电风扇,乙
電視台,电视台,乙
電台,电台,乙
電梯,电梯,乙
電影院,电影院,乙
店,店,乙
吊,吊,乙
釣,钓,乙
調,调,乙
調查,调查,乙
調整,调整,乙
跌,跌,乙
頂,顶,乙
頂,顶,乙
訂,订,乙
定,定,乙
東北,东北,乙
東部,东部,乙
東方,东方,乙
東面,东面,乙
東南,东南,乙
懂得,懂得,乙
動人,动人,乙
動身,动身,乙
動手,动手,乙
動物園,动物园,乙
動員,动员,乙
動作,动作,乙
凍,冻,乙
洞,洞,乙
鬥爭,斗争,乙
豆腐,豆腐,乙
逗,逗,乙
讀書,读书,乙
讀者,读者,乙
獨立,独立,乙
堵,堵,乙
肚子,肚子,乙
度,度,乙
度過,度过,乙
渡,渡,乙
端,端,乙
短期,短期,乙
斷,断,乙
堆,堆,乙
隊,队,乙
隊長,队长,乙
隊伍,队伍,乙
對,对,乙
對比,对比,乙
對待,对待,乙
對方,对方,乙
對付,对付,乙
對話,对话,乙
對面,对面,乙
對象,对象,乙
對於,对于,乙
公頓,吨,乙
蹲,蹲,乙
多數,多数,乙
奪,夺,乙
朵,朵,乙
躲,躲,乙
鵝,鹅,乙
兒童,儿童,乙
而,而,乙
耳朵,耳朵,乙
發表,发表,乙
發出,发出,乙
發達,发达,乙
發動,发动,乙
發抖,发抖,乙
發揮,发挥,乙
發明,发明,乙
發言,发言,乙
發揚,发扬,乙
法郎,法郎,乙
法律,法律,乙
凡,凡,乙
繁榮,繁荣,乙
反動,反动,乙
反覆,反复,乙
反抗,反抗,乙
回應,反应,乙
反映,反映,乙
反正,反正,乙
犯,犯,乙
範圍,范围,乙
方,方,乙
方案,方案,乙
模式,方式,乙
方針,方针,乙
防,防,乙
防止,防止,乙
房子,房子,乙
彷彿,仿佛,乙
紡織,纺织,乙
放大,放大,乙
放棄,放弃,乙
放心,放心,乙
非...不可,非...不可,乙
肥,肥,乙
肺,肺,乙
費,费,乙
費,费,乙
費用,费用,乙
分別,分别,乙
分發,分配,乙
分析,分析,乙
吩咐,吩咐,乙
紛紛,纷纷,乙
粉筆,粉笔,乙
份,份,乙
奮鬥,奋斗,乙
憤怒,愤怒,乙
風景,风景,乙
風力,风力,乙
風俗,风俗,乙
封建,封建,乙
逢,逢,乙
否定,否定,乙
否則,否则,乙
扶,扶,乙
服從,服从,乙
浮,浮,乙
符合,符合,乙
幅,幅,乙
付,付,乙
婦女,妇女,乙
複述,复述,乙
複印,复印,乙
副,副,乙
副,副,乙
副食,副食,乙
富,富,乙
該,该,乙
改革,改革,乙
改進,改进,乙
改善,改善,乙
改造,改造,乙
改正,改正,乙
蓋,盖,乙
概括,概括,乙
概念,概念,乙
干,干,乙
乾杯,干杯,乙
乾脆,干脆,乙
干活兒,干活儿,乙
干嗎,干吗,乙
乾燥,干燥,乙
杆,杆,乙
肝,肝,乙
趕,赶,乙
趕緊,赶紧,乙
趕快,赶快,乙
感動,感动,乙
感激,感激,乙
感覺,感觉,乙
感情,感情,乙
感想,感想,乙
感興趣,感兴趣,乙
剛剛,刚刚,乙
鋼,钢,乙
港,港,乙
高碩,高大,乙
高度,高度,乙
高原,高原,乙
告,告,乙
告別,告别,乙
胳膊,胳膊,乙
割,割,乙
擱,搁,乙
革命,革命,乙
隔,隔,乙
隔壁,隔壁,乙
個別,个别,乙
個人,个人,乙
個體,个体,乙
個子,个子,乙
根本,根本,乙
根據,根据,乙
跟前,跟前,乙
更加,更加,乙
工程,工程,乙
工程師,工程师,乙
工夫,工夫,乙
工會,工会,乙
工具,工具,乙
工藝品,工艺品,乙
工資,工资,乙
公費,公费,乙
公共,公共,乙
公開,公开,乙
公路,公路,乙
公司,公司,乙
公用電話,公用电话,乙
公園,公园,乙
功夫,功夫,乙
供,供,乙
供給,供给,乙
鞏固,巩固,乙
共,共,乙
共產黨,共产党,乙
共同,共同,乙
貢獻,贡献,乙
狗,狗,乙
構成,构成,乙
構造,构造,乙
估計,估计,乙
估計,估计,乙
姑姑,姑姑,乙
古,古,乙
古代,古代,乙
古老,古老,乙
骨頭,骨头,乙
鼓,鼓,乙
鼓勵,鼓励,乙
鼓舞,鼓舞,乙
鼓掌,鼓掌,乙
故鄉,故乡,乙
故意,故意,乙
顧,顾,乙
顧客,顾客,乙
掛號,挂号,乙
拐,拐,乙
怪,怪,乙
關鍵,关键,乙
關於,关于,乙
關照,关照,乙
觀察,观察,乙
觀點,观点,乙
觀眾,观众,乙
官,官,乙
冠軍,冠军,乙
管,管,乙
貫徹,贯彻,乙
罐頭,罐头,乙
光,光,乙
光,光,乙
光,光,乙
光輝,光辉,乙
光明,光明,乙
光榮,光荣,乙
光線,光线,乙
廣場,广场,乙
廣大,广大,乙
廣泛,广泛,乙
廣告,广告,乙
廣闊,广阔,乙
逛,逛,乙
規定,规定,乙
規律,规律,乙
規模,规模,乙
鬼,鬼,乙
跪,跪,乙
滾,滚,乙
鍋,锅,乙
國際,国际,乙
國民黨,国民党,乙
國王,国王,乙
果然,果然,乙
過程,过程,乙
過年,过年,乙
海關,海关,乙
海洋,海洋,乙
害,害,乙
害處,害处,乙
害怕,害怕,乙
含,含,乙
寒冷,寒冷,乙
汗,汗,乙
航空,航空,乙
毫不,毫不,乙
毫無,毫无,乙
好,好,乙
好好兒,好好儿,乙
好久,好久,乙
好容易,好容易,乙
好聽,好听,乙
好玩兒,好玩儿,乙
好些,好些,乙
號碼,号码,乙
號召,号召,乙
合,合,乙
合理,合理,乙
合約,合同,乙
合作,合作,乙
和平,和平,乙
盒,盒,乙
黑暗,黑暗,乙
嘿,嘿,乙
恨,恨,乙
哼,哼,乙
紅茶,红茶,乙
紅旗,红旗,乙
猴子,猴子,乙
後悔,后悔,乙
後來,后来,乙
後面,后面,乙
後年,后年,乙
後天,后天,乙
濃,厚,乙
呼,呼,乙
呼吸,呼吸,乙
胡亂,胡乱,乙
胡子,胡子,乙
壺,壶,乙
糊塗,糊涂,乙
戶,户,乙
護士,护士,乙
護照,护照,乙
花園,花园,乙
滑,滑,乙
滑冰,滑冰,乙
化,化,乙
劃,划,乙
劃,划,乙
畫報,画报,乙
壞處,坏处,乙
歡送,欢送,乙
環,环,乙
環境,环境,乙
慌,慌,乙
皇帝,皇帝,乙
黃瓜,黄瓜,乙
黃油,黄油,乙
灰,灰,乙
恢復,恢复,乙
揮,挥,乙
回頭,回头,乙
回信,回信,乙
回憶,回忆,乙
會場,会场,乙
會見,会见,乙
會客,会客,乙
會談,会谈,乙
會議,会议,乙
昏迷,昏迷,乙
婚姻,婚姻,乙
混,混,乙
活潑,活泼,乙
活躍,活跃,乙
火,火,乙
火柴,火柴,乙
伙食,伙食,乙
或,或,乙
貨,货,乙
獲得,获得,乙
機床,机床,乙
機關,机关,乙
機械,机械,乙
積極,积极,乙
積極性,积极性,乙
累積,积累,乙
激動,激动,乙
激烈,激烈,乙
及格,及格,乙
及其,及其,乙
及時,及时,乙
級,级,乙
即,即,乙
極,极,乙
極其,极其,乙
急忙,急忙,乙
集,集,乙
集體,集体,乙
集中,集中,乙
幾乎,几乎,乙
計算,计算,乙
記得,记得,乙
記錄,记录,乙
記憶,记忆,乙
記者,记者,乙
紀律,纪律,乙
紀念,纪念,乙
技術員,技术员,乙
季節,季节,乙
既,既,乙
既...也...,既...也...,乙
既...又...,既...又...,乙
既然,既然,乙
加工,加工,乙
加強,加强,乙
加以,加以,乙
夾,夹,乙
家具,家具,乙
家鄉,家乡,乙
價格,价格,乙
價值,价值,乙
架,架,乙
假,假,乙
假條,假条,乙
尖,尖,乙
尖銳,尖锐,乙
堅定,坚定,乙
堅決,坚决,乙
堅強,坚强,乙
肩,肩,乙
艱巨,艰巨,乙
艱苦,艰苦,乙
揀,拣,乙
撿,捡,乙
減,减,乙
減輕,减轻,乙
減少,减少,乙
剪,剪,乙
建,建,乙
建立,建立,乙
建議,建议,乙
建築,建筑,乙
漸漸,渐渐,乙
箭,箭,乙
將,将,乙
將,将,乙
將要,将要,乙
講話,讲话,乙
講座,讲座,乙
獎,奖,乙
獎學金,奖学金,乙
降,降,乙
降低,降低,乙
醬油,酱油,乙
交換,交换,乙
交際,交际,乙
交流,交流,乙
交通,交通,乙
郊區,郊区,乙
驕傲,骄傲,乙
角,角,乙
叫做,叫做,乙
較,较,乙
教材,教材,乙
教師,教师,乙
教授,教授,乙
教學,教学,乙
教訓,教训,乙
教員,教员,乙
階段,阶段,乙
階級,阶级,乙
接觸,接触,乙
接待,接待,乙
接到,接到,乙
接見,接见,乙
接近,接近,乙
接受,接受,乙
街道,街道,乙
節省,节省,乙
節約,节约,乙
架構,结构,乙
結合,结合,乙
結婚,结婚,乙
結論,结论,乙
結實,结实,乙
解,解,乙
解答,解答,乙
解放,解放,乙
解釋,解释,乙
屆,届,乙
今後,今后,乙
金,金,乙
金屬,金属,乙
僅,仅,乙
僅僅,仅仅,乙
盡,尽,乙
盡,尽,乙
儘管,尽管,乙
盡量,尽量,乙
勁,劲,乙
近來,近来,乙
進步,进步,乙
進攻,进攻,乙
進化,进化,乙
進口,进口,乙
進入,进入,乙
進修,进修,乙
進一步,进一步,乙
禁止,禁止,乙
國劇,京剧,乙
經,经,乙
經理,经理,乙
經歷,经历,乙
精力,精力,乙
井,井,乙
警察,警察,乙
競賽,竞赛,乙
敬愛,敬爱,乙
敬禮,敬礼,乙
靜,静,乙
鏡子,镜子,乙
糾正,纠正,乙
究竟,究竟,乙
救,救,乙
就,就,乙
就是,就是,乙
局長,局长,乙
舉行,举行,乙
巨大,巨大,乙
拒絕,拒绝,乙
具備,具备,乙
具體,具体,乙
具有,具有,乙
俱樂部,俱乐部,乙
劇場,剧场,乙
據說,据说,乙
距離,距离,乙
距離,距离,乙
卷,卷,乙
決,决,乙
決心,决心,乙
絕對,绝对,乙
覺悟,觉悟,乙
軍,军,乙
軍隊,军队,乙
軍事,军事,乙
開辟,开辟,乙
開放,开放,乙
開會,开会,乙
開課,开课,乙
開明,开明,乙
開演,开演,乙
開展,开展,乙
砍,砍,乙
看不起,看不起,乙
看法,看法,乙
看來,看来,乙
看樣子,看样子,乙
扛,扛,乙
考,考,乙
考慮,考虑,乙
烤,烤,乙
靠,靠,乙
科,科,乙
課長,科长,乙
科學家,科学家,乙
科學院,科学院,乙
科研,科研,乙
顆,颗,乙
可,可,乙
可愛,可爱,乙
可靠,可靠,乙
可憐,可怜,乙
可怕,可怕,乙
可以,可以,乙
克服,克服,乙
刻,刻,乙
刻苦,刻苦,乙
客人,客人,乙
課程,课程,乙
肯,肯,乙
肯定,肯定,乙
空,空,乙
空兒,空儿,乙
空間,空间,乙
空前,空前,乙
空中,空中,乙
孔,孔,乙
恐怕,恐怕,乙
控制,控制,乙
口袋,口袋,乙
口號,口号,乙
扣,扣,乙
褲子,裤子,乙
跨,跨,乙
快樂,快乐,乙
筷子,筷子,乙
寬,宽,乙
款,款,乙
礦,矿,乙
捆,捆,乙
困,困,乙
擴大,扩大,乙
垃圾,垃圾,乙
來,来,乙
來,来,乙
來不及,来不及,乙
來得及,来得及,乙
來信,来信,乙
來自,来自,乙
攔,拦,乙
懶,懒,乙
爛,烂,乙
野狼,狼,乙
朗讀,朗读,乙
浪,浪,乙
浪費,浪费,乙
撈,捞,乙
老百姓,老百姓,乙
老闆,老板,乙
老大媽,老大妈,乙
老大娘,老大娘,乙
老大爺,老大爷,乙
老虎,老虎,乙
老人,老人,乙
老實,老实,乙
老是,老是,乙
老太太,老太太,乙
老頭兒,老头儿,乙
樂觀,乐观,乙
雷,雷,乙
類,类,乙
厘米,厘米,乙
梨,梨,乙
離婚,离婚,乙
禮拜天,礼拜天,乙
禮貌,礼貌,乙
禮堂,礼堂,乙
裡面,里面,乙
理髮,理发,乙
理解,理解,乙
理論,理论,乙
理想,理想,乙
理由,理由,乙
力,力,乙
力量,力量,乙
力氣,力气,乙
力所能及,力所能及,乙
厲害,厉害,乙
立,立,乙
立場,立场,乙
立方,立方,乙
立即,立即,乙
利益,利益,乙
例,例,乙
例子,例子,乙
粒,粒,乙
連,连,乙
連忙,连忙,乙
連續,连续,乙
聯合,联合,乙
聯歡,联欢,乙
練,练,乙
戀愛,恋爱,乙
良好,良好,乙
涼,凉,乙
糧食,粮食,乙
兩,两,乙
量,量,乙
聊,聊,乙
聊天,聊天,乙
了不起,了不起,乙
列,列,乙
鄰居,邻居,乙
臨,临,乙
臨時,临时,乙
靈活,灵活,乙
鈴,铃,乙
零錢,零钱,乙
領,领,乙
領袖,领袖,乙
另,另,乙
另外,另外,乙
流利,流利,乙
龍,龙,乙
樓梯,楼梯,乙
漏,漏,乙
露,露,乙
陸續,陆续,乙
錄,录,乙
錄像,录像,乙
錄音機,录音机,乙
路上,路上,乙
路線,路线,乙
旅館,旅馆,乙
旅客,旅客,乙
旅途,旅途,乙
率領,率领,乙
略,略,乙
輪船,轮船,乙
論文,论文,乙
蘿蔔,萝卜,乙
落,落,乙
落後,落后,乙
馬虎,马虎,乙
馬克,马克,乙
馬路,马路,乙
碼頭,码头,乙
罵,骂,乙
埋,埋,乙
買賣,买卖,乙
邁,迈,乙
饅頭,馒头,乙
滿足,满足,乙
貓,猫,乙
毛,毛,乙
毛病,毛病,乙
毛巾,毛巾,乙
矛盾,矛盾,乙
冒,冒,乙
貿易,贸易,乙
貿易,贸易,乙
沒錯,没错,乙
沒什麼,没什么,乙
沒事兒,没事儿,乙
沒用,没用,乙
煤,煤,乙
瓦斯,煤气,乙
每,每,乙
美,美,乙
美好,美好,乙
美麗,美丽,乙
美術,美术,乙
美元,美元,乙
夢,梦,乙
米,米,乙
祕密,秘密,乙
密,密,乙
密切,密切,乙
蜜蜂,蜜蜂,乙
棉花,棉花,乙
棉衣,棉衣,乙
面,面,乙
面,面,乙
面積,面积,乙
面貌,面貌,乙
面前,面前,乙
描寫,描写,乙
秒,秒,乙
妙,妙,乙
廟,庙,乙
滅,灭,乙
民主,民主,乙
名,名,乙
名勝,名胜,乙
明亮,明亮,乙
明確,明确,乙
明顯,明显,乙
命令,命令,乙
命運,命运,乙
摸,摸,乙
模仿,模仿,乙
模樣,模样,乙
磨,磨,乙
墨水兒,墨水儿,乙
某,某,乙
母,母,乙
畝,亩,乙
木,木,乙
木頭,木头,乙
目標,目标,乙
目的,目的,乙
哪個,哪个,乙
哪怕,哪怕,乙
哪些,哪些,乙
內部,内部,乙
那邊,那边,乙
奶奶,奶奶,乙
耐心,耐心,乙
耐用,耐用,乙
男人,男人,乙
南部,南部,乙
南方,南方,乙
南面,南面,乙
難道,难道,乙
難過,难过,乙
難看,难看,乙
難受,难受,乙
腦袋,脑袋,乙
腦子,脑子,乙
鬧,闹,乙
能幹,能干,乙
能力,能力,乙
能源,能源,乙
泥,泥,乙
年代,年代,乙
年齡,年龄,乙
年青,年青,乙
鳥,鸟,乙
扭,扭,乙
濃,浓,乙
弄,弄,乙
女人,女人,乙
女士,女士,乙
暖,暖,乙
暖氣,暖气,乙
怕,怕,乙
排,排,乙
排,排,乙
牌,牌,乙
盤,盘,乙
盤子,盘子,乙
判斷,判断,乙
盼望,盼望,乙
旁,旁,乙
胖,胖,乙
炮,炮,乙
陪,陪,乙
賠,赔,乙
配合,配合,乙
噴,喷,乙
盆,盆,乙
捧,捧,乙
碰見,碰见,乙
批,批,乙
批判,批判,乙
批准,批准,乙
披,披,乙
皮,皮,乙
皮膚,皮肤,乙
疲勞,疲劳,乙
脾氣,脾气,乙
匹,匹,乙
片面,片面,乙
偏,偏,乙
騙,骗,乙
飄,飘,乙
拼命,拼命,乙
品種,品种,乙
桌球,乒乓球,乙
平,平,乙
平安,平安,乙
平常,平常,乙
平等,平等,乙
平方,平方,乙
平靜,平静,乙
平均,平均,乙
平時,平时,乙
平原,平原,乙
瓶子,瓶子,乙
坡,坡,乙
迫切,迫切,乙
破壞,破坏,乙
撲,扑,乙
鋪,铺,乙
樸素,朴素,乙
普遍,普遍,乙
普通,普通,乙
妻子,妻子,乙
期,期,乙
期間,期间,乙
欺騙,欺骗,乙
齊,齐,乙
其次,其次,乙
其他,其他,乙
其它,其它,乙
其餘,其余,乙
其中,其中,乙
奇怪,奇怪,乙
旗子,旗子,乙
企圖,企图,乙
企業,企业,乙
啟發,启发,乙
氣,气,乙
氣候,气候,乙
氣溫,气温,乙
氣象,气象,乙
汽油,汽油,乙
千萬,千万,乙
牽,牵,乙
簽訂,签订,乙
前進,前进,乙
前面,前面,乙
前年,前年,乙
前天,前天,乙
前途,前途,乙
欠,欠,乙
槍,枪,乙
強,强,乙
強大,强大,乙
強盜,强盗,乙
強調,强调,乙
強度,强度,乙
強烈,强烈,乙
搶,抢,乙
悄悄,悄悄,乙
敲,敲,乙
橋樑,桥梁,乙
瞧,瞧,乙
巧,巧,乙
巧妙,巧妙,乙
切,切,乙
且,且,乙
親愛,亲爱,乙
親戚,亲戚,乙
親切,亲切,乙
親自,亲自,乙
侵略,侵略,乙
青,青,乙
輕鬆,轻松,乙
清,清,乙
情景,情景,乙
情形,情形,乙
情緒,情绪,乙
請客,请客,乙
請求,请求,乙
慶祝,庆祝,乙
窮,穷,乙
求,求,乙
球場,球场,乙
區,区,乙
區別,区别,乙
渠,渠,乙
取,取,乙
取消,取消,乙
圈,圈,乙
全面,全面,乙
勸,劝,乙
缺,缺,乙
缺點,缺点,乙
缺乏,缺乏,乙
缺少,缺少,乙
卻,却,乙
確定,确定,乙
裙子,裙子,乙
群,群,乙
群眾,群众,乙
然而,然而,乙
燃燒,燃烧,乙
染,染,乙
嚷,嚷,乙
繞,绕,乙
惹,惹,乙
熱愛,热爱,乙
熱烈,热烈,乙
熱鬧,热闹,乙
熱水瓶,热水瓶,乙
熱心,热心,乙
人才,人才,乙
人工,人工,乙
人家,人家,乙
人口,人口,乙
人類,人类,乙
民眾幣,人民币,乙
人物,人物,乙
人員,人员,乙
人造,人造,乙
忍,忍,乙
認,认,乙
認得,认得,乙
任務,任务,乙
扔,扔,乙
仍,仍,乙
仍然,仍然,乙
日常,日常,乙
日程,日程,乙
日記,日记,乙
日期,日期,乙
日用品,日用品,乙
日元,日元,乙
如,如,乙
如,如,乙
如果,如果,乙
如何,如何,乙
如今,如今,乙
入,入,乙
軟,软,乙
弱,弱,乙
撒,撒,乙
洒,洒,乙
賽,赛,乙
傘,伞,乙
嗓子,嗓子,乙
掃,扫,乙
嫂子,嫂子,乙
色,色,乙
森林,森林,乙
殺,杀,乙
沙發,沙发,乙
沙漠,沙漠,乙
沙子,沙子,乙
傻,傻,乙
晒,晒,乙
山脈,山脉,乙
山區,山区,乙
閃,闪,乙
善於,善于,乙
傷,伤,乙
傷心,伤心,乙
商場,商场,乙
商量,商量,乙
商品,商品,乙
商業,商业,乙
上班,上班,乙
上當,上当,乙
上級,上级,乙
上面,上面,乙
上衣,上衣,乙
燒,烧,乙
稍,稍,乙
稍微,稍微,乙
勺子,勺子,乙
少年,少年,乙
少數,少数,乙
舌頭,舌头,乙
蛇,蛇,乙
設備,设备,乙
設計,设计,乙
射,射,乙
伸,伸,乙
身,身,乙
身邊,身边,乙
深濃,深厚,乙
深刻,深刻,乙
深入,深入,乙
神,神,乙
神經,神经,乙
升,升,乙
生,生,乙
生,生,乙
生長,生长,乙
生動,生动,乙
生命,生命,乙
生氣,生气,乙
生物,生物,乙
生意,生意,乙
勝,胜,乙
繩子,绳子,乙
省,省,乙
失敗,失败,乙
失去,失去,乙
失望,失望,乙
失業,失业,乙
詩,诗,乙
施工,施工,乙
獅子,狮子,乙
濕,湿,乙
什麼的,什么的,乙
石頭,石头,乙
石油,石油,乙
時代,时代,乙
時刻,时刻,乙
時期,时期,乙
實際,实际,乙
實事求是,实事求是,乙
實行,实行,乙
實用,实用,乙
實在,实在,乙
拾,拾,乙
食品,食品,乙
食物,食物,乙
使用,使用,乙
使用,使用,乙
始終,始终,乙
世紀,世纪,乙
市場,市场,乙
事件,事件,乙
事實,事实,乙
事物,事物,乙
事先,事先,乙
事業,事业,乙
試卷,试卷,乙
試驗,试验,乙
試驗,试验,乙
室,室,乙
適當,适当,乙
適合,适合,乙
適應,适应,乙
收穫,收获,乙
收入,收入,乙
收音機,收音机,乙
手段,手段,乙
手工,手工,乙
手帕,手帕,乙
手術,手术,乙
手套,手套,乙
手續,手续,乙
手指,手指,乙
首,首,乙
首先,首先,乙
受,受,乙
瘦,瘦,乙
書包,书包,乙
書局,书店,乙
書記,书记,乙
書架,书架,乙
叔叔,叔叔,乙
舒適,舒适,乙
菜蔬,蔬菜,乙
熟練,熟练,乙
熟悉,熟悉,乙
暑假,暑假,乙
樹林,树林,乙
數,数,乙
數量,数量,乙
數字,数字,乙
刷,刷,乙
摔,摔,乙
甩,甩,乙
雙方,双方,乙
水稻,水稻,乙
水泥,水泥,乙
順,顺,乙
順便,顺便,乙
順利,顺利,乙
絲,丝,乙
司機,司机,乙
私,私,乙
私人,私人,乙
撕,撕,乙
似乎,似乎,乙
松,松,乙
送行,送行,乙
速度,速度,乙
塑膠,塑料,乙
算了,算了,乙
隨,随,乙
隨便,随便,乙
隨時,随时,乙
碎,碎,乙
損失,损失,乙
縮,缩,乙
所,所,乙
所,所,乙
所謂,所谓,乙
塔,塔,乙
台,台,乙
太太,太太,乙
談話,谈话,乙
談判,谈判,乙
毯子,毯子,乙
探,探,乙
燙,烫,乙
趟,趟,乙
掏,掏,乙
逃,逃,乙
討厭,讨厌,乙
套,套,乙
特此,特此,乙
特點,特点,乙
特殊,特殊,乙
提倡,提倡,乙
提供,提供,乙
提前,提前,乙
題,题,乙
題目,题目,乙
體會,体会,乙
體積,体积,乙
體系,体系,乙
體育場,体育场,乙
體育館,体育馆,乙
替,替,乙
天真,天真,乙
添,添,乙
田,田,乙
田野,田野,乙
甜,甜,乙
填,填,乙
挑,挑,乙
條約,条约,乙
貼,贴,乙
鐵,铁,乙
鐵路,铁路,乙
聽講,听讲,乙
停止,停止,乙
通訊,通讯,乙
同,同,乙
同,同,乙
同情,同情,乙
同屋,同屋,乙
同樣,同样,乙
銅,铜,乙
統一,统一,乙
統治,统治,乙
桶,桶,乙
痛,痛,乙
痛苦,痛苦,乙
偷,偷,乙
偷偷,偷偷,乙
頭,头,乙
頭髮,头发,乙
投,投,乙
投入,投入,乙
透,透,乙
突出,突出,乙
突擊,突击,乙
圖,图,乙
涂,涂,乙
土,土,乙
土地,土地,乙
土豆,土豆,乙
吐,吐,乙
吐,吐,乙
兔子,兔子,乙
團,团,乙
推展,推动,乙
推展,推广,乙
托,托,乙
拖,拖,乙
脫離,脱离,乙
哇,哇,乙
挖,挖,乙
歪,歪,乙
外地,外地,乙
外交,外交,乙
外面,外面,乙
彎,弯,乙
完整,完整,乙
網球,网球,乙
往往,往往,乙
忘記,忘记,乙
望,望,乙
危害,危害,乙
危機,危机,乙
微笑,微笑,乙
圍,围,乙
圍繞,围绕,乙
違反,违反,乙
維護,维护,乙
尾巴,尾巴,乙
委員,委员,乙
衛生,卫生,乙
衛星,卫星,乙
未,未,乙
未來,未来,乙
位置,位置,乙
味道,味道,乙
胃,胃,乙
喂,喂,乙
溫度,温度,乙
溫暖,温暖,乙
檔案,文件,乙
衣冠文物,文明,乙
文物,文物,乙
文字,文字,乙
聞,闻,乙
穩,稳,乙
穩定,稳定,乙
問候,问候,乙
握,握,乙
污染,污染,乙
屋,屋,乙
無,无,乙
無論,无论,乙
無數,无数,乙
無限,无限,乙
武器,武器,乙
武術,武术,乙
物價,物价,乙
物質,物质,乙
誤會,误会,乙
霧,雾,乙
西北,西北,乙
西部,西部,乙
西餐,西餐,乙
西方,西方,乙
西瓜,西瓜,乙
西紅柿,西红柿,乙
西面,西面,乙
西南,西南,乙
吸,吸,乙
吸收,吸收,乙
吸煙,吸烟,乙
吸引,吸引,乙
犧牲,牺牲,乙
洗衣機,洗衣机,乙
戲,戏,乙
系統,系统,乙
細菌,细菌,乙
細心,细心,乙
下班,下班,乙
下面,下面,乙
嚇,吓,乙
先後,先后,乙
先進,先进,乙
纖維,纤维,乙
掀,掀,乙
鮮,鲜,乙
鮮花,鲜花,乙
閑,闲,乙
顯得,显得,乙
顯然,显然,乙
顯著,显著,乙
縣,县,乙
現代化,现代化,乙
現實,现实,乙
現象,现象,乙
線,线,乙
限制,限制,乙
羨慕,羡慕,乙
獻,献,乙
鄉,乡,乙
鄉下,乡下,乙
相,相,乙
相當,相当,乙
相反,相反,乙
相互,相互,乙
相似,相似,乙
相同,相同,乙
香腸,香肠,乙
香皂,香皂,乙
箱子,箱子,乙
詳細,详细,乙
享受,享受,乙
附應,响应,乙
想法,想法,乙
想念,想念,乙
想像,想象,乙
項,项,乙
項目,项目,乙
象,象,乙
消費,消费,乙
消化,消化,乙
消滅,消灭,乙
消失,消失,乙
小伙子,小伙子,乙
小麥,小麦,乙
小朋友,小朋友,乙
小說,小说,乙
小心,小心,乙
國小,小学,乙
曉得,晓得,乙
效果,效果,乙
效率,效率,乙
校長,校长,乙
笑話,笑话,乙
歇,歇,乙
斜,斜,乙
心得,心得,乙
心情,心情,乙
心臟,心脏,乙
新鮮,新鲜,乙
信,信,乙
信心,信心,乙
興奮,兴奋,乙
興趣,兴趣,乙
星星,星星,乙
行,行,乙
行,行,乙
行動,行动,乙
行李,行李,乙
形成,形成,乙
形容,形容,乙
形式,形式,乙
形勢,形势,乙
形象,形象,乙
形狀,形状,乙
醒,醒,乙
姓名,姓名,乙
性,性,乙
性格,性格,乙
性質,性质,乙
兄弟,兄弟,乙
胸,胸,乙
雄,雄,乙
雄偉,雄伟,乙
熊貓,熊猫,乙
修,修,乙
修改,修改,乙
修理,修理,乙
虛心,虚心,乙
許,许,乙
宣佈,宣布,乙
宣傳,宣传,乙
選,选,乙
選舉,选举,乙
選擇,选择,乙
學,学,乙
學費,学费,乙
學期,学期,乙
學術,学术,乙
學問,学问,乙
血,血,乙
血液,血液,乙
尋找,寻找,乙
訓練,训练,乙
迅速,迅速,乙
壓,压,乙
壓迫,压迫,乙
牙,牙,乙
牙刷,牙刷,乙
咽,咽,乙
延長,延长,乙
嚴格,严格,乙
嚴肅,严肃,乙
嚴重,严重,乙
沿,沿,乙
研究所,研究所,乙
鹽,盐,乙
眼,眼,乙
眼鏡,眼镜,乙
眼淚,眼泪,乙
眼前,眼前,乙
演,演,乙
演員,演员,乙
陽光,阳光,乙
養,养,乙
樣,样,乙
腰,腰,乙
邀請,邀请,乙
搖,摇,乙
咬,咬,乙
要緊,要紧,乙
爺爺,爷爷,乙
業務,业务,乙
業餘,业余,乙
葉子,叶子,乙
夜裡,夜里,乙
夜晚,夜晚,乙
一,一,乙
一...也...,一...也...,乙
一半,一半,乙
一邊,一边,乙
一道,一道,乙
一方...一方面...,一方...一方面...,乙
一齊,一齐,乙
一生,一生,乙
一時,一时,乙
一同,一同,乙
一下子,一下子,乙
一致,一致,乙
醫務室,医务室,乙
醫學,医学,乙
依靠,依靠,乙
儀器,仪器,乙
移,移,乙
移動,移动,乙
疑問,疑问,乙
已,已,乙
以,以,乙
以及,以及,乙
以來,以来,乙
以內,以内,乙
以上,以上,乙
以外,以外,乙
以下,以下,乙
議論,议论,乙
異常,异常,乙
意外,意外,乙
意志,意志,乙
因此,因此,乙
因而,因而,乙
原素,因素,乙
銀,银,乙
引起,引起,乙
印,印,乙
印刷,印刷,乙
印象,印象,乙
應,应,乙
應當,应当,乙
應用,应用,乙
英雄,英雄,乙
英勇,英勇,乙
迎接,迎接,乙
營養,营养,乙
營業,营业,乙
影子,影子,乙
硬,硬,乙
擁抱,拥抱,乙
擁護,拥护,乙
勇敢,勇敢,乙
勇氣,勇气,乙
用不著,用不着,乙
用處,用处,乙
用功,用功,乙
用力,用力,乙
優點,优点,乙
優良,优良,乙
優美,优美,乙
優秀,优秀,乙
悠久,悠久,乙
由,由,乙
由於,由于,乙
油,油,乙
遊覽,游览,乙
游泳池,游泳池,乙
有的是,有的是,乙
有點兒,有点儿,乙
有關,有关,乙
有力,有力,乙
有利,有利,乙
有趣,有趣,乙
有時,有时,乙
有效,有效,乙
有用,有用,乙
右邊,右边,乙
於,于,乙
於是,于是,乙
與,与,乙
板羽球,羽毛球,乙
雨衣,雨衣,乙
語調,语调,乙
語氣,语气,乙
語音,语音,乙
玉米,玉米,乙
預備,预备,乙
遇,遇,乙
遇見,遇见,乙
員,员,乙
原料,原料,乙
原因,原因,乙
原則,原则,乙
圓光,圆光,乙
圓珠筆,圆珠笔,乙
院,院,乙
院長,院长,乙
院子,院子,乙
願望,愿望,乙
約,约,乙
約會,约会,乙
閱讀,阅读,乙
閱覽室,阅览室,乙
越...越...,越...越...,乙
越來越...,越来越...,乙
允許,允许,乙
運,运,乙
運動會,运动会,乙
運動員,运动员,乙
運輸,运输,乙
運用,运用,乙
雜技,杂技,乙
災,灾,乙
災害,灾害,乙
暫時,暂时,乙
贊成,赞成,乙
遭到,遭到,乙
遭受,遭受,乙
糟糕,糟糕,乙
造,造,乙
造句,造句,乙
則,则,乙
責任,责任,乙
曾,曾,乙
曾經,曾经,乙
增長,增长,乙
咋,咋,乙
扎,扎,乙
摘,摘,乙
窄,窄,乙
粘,粘,乙
展出,展出,乙
展開,展开,乙
展覽會,展览会,乙
戰鬥,战斗,乙
戰勝,战胜,乙
戰士,战士,乙
戰爭,战争,乙
章,章,乙
漲,涨,乙
丈,丈,乙
丈夫,丈夫,乙
招待,招待,乙
招待會,招待会,乙
招呼,招呼,乙
召開,召开,乙
照,照,乙
照常,照常,乙
照片,照片,乙
折,折,乙
哲學,哲学,乙
這邊,这边,乙
針,针,乙
針對,针对,乙
真理,真理,乙
真實,真实,乙
陣,阵,乙
爭,争,乙
爭論,争论,乙
爭取,争取,乙
徵求,征求,乙
睜,睁,乙
整個,整个,乙
整理,整理,乙
正,正,乙
正常,正常,乙
正好,正好,乙
正式,正式,乙
證明,证明,乙
政策,政策,乙
之後,之后,乙
之前,之前,乙
之上,之上,乙
之下,之下,乙
之一,之一,乙
之中,之中,乙
支援,支持,乙
支援,支援,乙
織,织,乙
執行,执行,乙
直,直,乙
直,直,乙
直到,直到,乙
直接,直接,乙
值得,值得,乙
職工,职工,乙
頭班,职业,乙
植物,植物,乙
止,止,乙
只是,只是,乙
只要,只要,乙
只有,只有,乙
指出,指出,乙
指導,指导,乙
指揮,指挥,乙
指示,指示,乙
至,至,乙
至今,至今,乙
至少,至少,乙
製訂,制订,乙
製定,制定,乙
制度,制度,乙
製造,制造,乙
治,治,乙
質量,质量,乙
秩序,秩序,乙
中餐,中餐,乙
中心,中心,乙
中央,中央,乙
中藥,中药,乙
終於,终于,乙
種,种,乙
種子,种子,乙
重,重,乙
重大,重大,乙
重點,重点,乙
重疊,重叠,乙
重複,重复,乙
重量,重量,乙
重視,重视,乙
重新,重新,乙
周到,周到,乙
株,株,乙
竹子,竹子,乙
逐步,逐步,乙
逐漸,逐渐,乙
主動,主动,乙
主觀,主观,乙
主人,主人,乙
主任,主任,乙
主席,主席,乙
主張,主张,乙
屬於,属于,乙
煮,煮,乙
住院,住院,乙
祝賀,祝贺,乙
著名,著名,乙
著作,著作,乙
抓,抓,乙
抓緊,抓紧,乙
專家,专家,乙
專門,专门,乙
專心,专心,乙
專業,专业,乙
轉,转,乙
轉變,转变,乙
轉告,转告,乙
莊稼,庄稼,乙
莊嚴,庄严,乙
狀況,状况,乙
狀態,状态,乙
撞,撞,乙
追,追,乙
準,准,乙
準確,准确,乙
準時,准时,乙
捉,捉,乙
著,着,乙
仔細,仔细,乙
資料,资料,乙
資源,资源,乙
紫,紫,乙
自,自,乙
自從,自从,乙
自動,自动,乙
自費,自费,乙
自覺,自觉,乙
自然,自然,乙
自我,自我,乙
自學,自学,乙
自由,自由,乙
綜合,综合,乙
總結,总结,乙
總理,总理,乙
總統,总统,乙
走道,走道,乙
組,组,乙
鑽,钻,乙
鑽研,钻研,乙
最好,最好,乙
醉,醉,乙
尊敬,尊敬,乙
遵守,遵守,乙
左邊,左边,乙
左右,左右,乙
作家,作家,乙
作品,作品,乙
作為,作为,乙
作文,作文,乙
作用,作用,乙
作者,作者,乙
坐班,坐班,乙
座談,座谈,乙
座位,座位,乙
做法,做法,乙
做客,做客,乙
做夢,做梦,乙
哎喲,哎哟,丙
唉,唉,丙
挨,挨,丙
癌,癌,丙
安,安,丙
安定,安定,丙
安裝,安装,丙
按期,按期,丙
暗暗,暗暗,丙
熬,熬,丙
奧秘,奥秘,丙
扒,扒,丙
把,把,丙
把握,把握,丙
壩,坝,丙
罷,罢,丙
罷工,罢工,丙
白白,白白,丙
百貨,百货,丙
柏樹,柏树,丙
擺脫,摆脱,丙
拜訪,拜访,丙
拜會,拜会,丙
般,般,丙
辦理,办理,丙
半島,半岛,丙
瓣,瓣,丙
幫,帮,丙
綁,绑,丙
棒,棒,丙
棒,棒,丙
磅因,磅,丙
包袱,包袱,丙
包含,包含,丙
包圍,包围,丙
寶,宝,丙
寶石,宝石,丙
保管,保管,丙
守密,保密,丙
保守,保守,丙
保險,保险,丙
保障,保障,丙
報,报,丙
報仇,报仇,丙
報酬,报酬,丙
報復,报复,丙
報刊,报刊,丙
報社,报社,丙
暴露,暴露,丙
豪雨,暴雨,丙
爆發,爆发,丙
爆炸,爆炸,丙
悲哀,悲哀,丙
悲觀,悲观,丙
背包,背包,丙
背景,背景,丙
背誦,背诵,丙
背心,背心,丙
被動,被动,丙
被迫,被迫,丙
輩,辈,丙
奔,奔,丙
奔,奔,丙
奔跑,奔跑,丙
本人,本人,丙
本身,本身,丙
甭,甭,丙
比方,比方,丙
彼此,彼此,丙
筆試,笔试,丙
必,必,丙
必定,必定,丙
必修,必修,丙
必需,必需,丙
畢竟,毕竟,丙
閉幕,闭幕,丙
壁,壁,丙
邊疆,边疆,丙
邊界,边界,丙
邊緣,边缘,丙
編輯,编辑,丙
編製,编制,丙
便利,便利,丙
便於,便于,丙
變動,变动,丙
變革,变革,丙
辯論,辩论,丙
標語,标语,丙
標誌,标志,丙
表情,表情,丙
別,别,丙
別處,别处,丙
別字,别字,丙
冰棍兒,冰棍儿,丙
丙,丙,丙
柄,柄,丙
餅,饼,丙
病床,病床,丙
病情,病情,丙
撥,拨,丙
波浪,波浪,丙
剝,剥,丙
剝削,剥削,丙
菠菜,菠菜,丙
播,播,丙
播送,播送,丙
博士,博士,丙
博物館,博物馆,丙
薄弱,薄弱,丙
不安,不安,丙
不比,不比,丙
不對,不对,丙
不夠,不够,丙
罔顧,不顾,丙
不見,不见,丙
不見得,不见得,丙
不禁,不禁,丙
不覺,不觉,丙
不可,不可,丙
不利,不利,丙
不料,不料,丙
不滿,不满,丙
不免,不免,丙
不是,不是,丙
不是...而是...,不是...而是...,丙
不是...就是...,不是...就是...,丙
不停,不停,丙
不像話,不像话,丙
不由得,不由得,丙
不在乎,不在乎,丙
不怎么樣,不怎么样,丙
不曾,不曾,丙
不止,不止,丙
不只,不只,丙
不足,不足,丙
佈告,布告,丙
步驟,步骤,丙
部署,部署,丙
猜想,猜想,丙
才,才,丙
才能,才能,丙
財產,财产,丙
財富,财富,丙
財政,财政,丙
裁縫,裁缝,丙
裁判,裁判,丙
參考,参考,丙
參謀,参谋,丙
餐車,餐车,丙
殘酷,残酷,丙
蠶,蚕,丙
慚愧,惭愧,丙
慘,惨,丙
燦爛,灿烂,丙
倉庫,仓库,丙
蒼白,苍白,丙
蒼蠅,苍蝇,丙
艙,舱,丙
操心,操心,丙
操縱,操纵,丙
操作,操作,丙
草案,草案,丙
側,侧,丙
測,测,丙
測量,测量,丙
測試,测试,丙
插秧,插秧,丙
茶館,茶馆,丙
茶話會,茶话会,丙
茶葉,茶叶,丙
差別,差别,丙
產物,产物,丙
產值,产值,丙
鏟,铲,丙
顫動,颤动,丙
顫抖,颤抖,丙
長,长,丙
長度,长度,丙
長久,长久,丙
長遠,长远,丙
腸,肠,丙
常識,常识,丙
廠長,厂长,丙
場地,场地,丙
場合,场合,丙
場面,场面,丙
鈔票,钞票,丙
超額,超额,丙
潮,潮,丙
潮濕,潮湿,丙
吵架,吵架,丙
炒,炒,丙
車輛,车辆,丙
車廂,车厢,丙
扯,扯,丙
撤,撤,丙
塵土,尘土,丙
沉,沉,丙
沉思,沉思,丙
沉重,沉重,丙
陳列,陈列,丙
稱呼,称呼,丙
撐,撑,丙
成,成,丙
成本,成本,丙
成千上萬,成千上万,丙
成天,成天,丙
成語,成语,丙
成員,成员,丙
承包,承包,丙
承擔,承担,丙
乘客,乘客,丙
程式,程序,丙
吃苦,吃苦,丙
吃虧,吃亏,丙
吃力,吃力,丙
池,池,丙
遲,迟,丙
持久,持久,丙
尺寸,尺寸,丙
尺子,尺子,丙
赤道,赤道,丙
充實,充实,丙
沖,冲,丙
衝擊,冲击,丙
衝突,冲突,丙
仇,仇,丙
仇恨,仇恨,丙
丑,丑,丙
出路,出路,丙
出賣,出卖,丙
出門,出门,丙
出難題,出难题,丙
出身,出身,丙
出事,出事,丙
出息,出息,丙
出洋相,出洋相,丙
出租,出租,丙
初期,初期,丙
國中,初中,丙
除,除,丙
除非,除非,丙
處處,处处,丙
處於,处于,丙
傳達,传达,丙
傳染,传染,丙
傳說,传说,丙
喘,喘,丙
串,串,丙
視窗,窗口,丙
窗帘,窗帘,丙
窗台,窗台,丙
褥單,床单,丙
創立,创立,丙
創新,创新,丙
垂,垂,丙
垂直,垂直,丙
春季,春季,丙
純,纯,丙
純潔,纯洁,丙
詞彙,词汇,丙
瓷,瓷,丙
此刻,此刻,丙
次,次,丙
次要,次要,丙
刺激,刺激,丙
從容,从容,丙
匆忙,匆忙,丙
叢,丛,丙
湊,凑,丙
粗心,粗心,丙
粗心大意,粗心大意,丙
促使,促使,丙
竄,窜,丙
摧毀,摧毁,丙
村莊,村庄,丙
村子,村子,丙
搓,搓,丙
挫折,挫折,丙
錯字,错字,丙
達,达,丙
達成,达成,丙
答覆,答复,丙
打,打,丙
打敗,打败,丙
打擊,打击,丙
打架,打架,丙
打交道,打交道,丙
打量,打量,丙
打破,打破,丙
打掃,打扫,丙
打仗,打仗,丙
打招呼,打招呼,丙
大半,大半,丙
大便,大便,丙
大大,大大,丙
大道,大道,丙
大地,大地,丙
大都,大都,丙
大隊,大队,丙
大方,大方,丙
大哥,大哥,丙
大力,大力,丙
大腦,大脑,丙
大嫂,大嫂,丙
大使,大使,丙
大意,大意,丙
大致,大致,丙
大眾,大众,丙
大自然,大自然,丙
代,代,丙
代辦,代办,丙
代價,代价,丙
代理,代理,丙
帶動,带动,丙
帶兒,带儿,丙
帶領,带领,丙
帶頭,带头,丙
待遇,待遇,丙
逮捕,逮捕,丙
單純,单纯,丙
單獨,单独,丙
擔,担,丙
擔負,担负,丙
耽誤,耽误,丙
膽,胆,丙
誕生,诞生,丙
蛋白質,蛋白质,丙
當,当,丙
當初,当初,丙
當代,当代,丙
當家,当家,丙
當面,当面,丙
當中,当中,丙
黨派,党派,丙
黨委,党委,丙
檔案,档案,丙
飛彈,导弹,丙
導師,导师,丙
導演,导演,丙
導致,导致,丙
島嶼,岛屿,丙
倒霉,倒霉,丙
倒騰,倒腾,丙
到...為止...,到...为止...,丙
得病,得病,丙
得了,得了,丙
得意,得意,丙
燈火,灯火,丙
燈籠,灯笼,丙
蹬,蹬,丙
等到,等到,丙
等候,等候,丙
凳子,凳子,丙
瞪,瞪,丙
堤,堤,丙
滴,滴,丙
底,底,丙
底片,底片,丙
抵,抵,丙
抵抗,抵抗,丙
地板,地板,丙
地步,地步,丙
地道,地道,丙
地理,地理,丙
地勢,地势,丙
地毯,地毯,丙
地形,地形,丙
地震,地震,丙
地質,地质,丙
地主,地主,丙
弟兄,弟兄,丙
典禮,典礼,丙
典型,典型,丙
電池,电池,丙
電力,电力,丙
電鈴,电铃,丙
電流,电流,丙
電爐,电炉,丙
電腦,电脑,丙
電器,电器,丙
電線,电线,丙
電壓,电压,丙
電子,电子,丙
墊,垫,丙
惦記,惦记,丙
奠定,奠定,丙
雕刻,雕刻,丙
調動,调动,丙
調節,调节,丙
調皮,调皮,丙
爹,爹,丙
疊,叠,丙
丁,丁,丙
盯,盯,丙
釘,钉,丙
釘子,钉子,丙
頂,顶,丙
頂,顶,丙
訂婚,订婚,丙
定期,定期,丙
冬季,冬季,丙
懂事,懂事,丙
動機,动机,丙
動靜,动静,丙
動力,动力,丙
動搖,动摇,丙
斗,斗,丙
抖,抖,丙
陡,陡,丙
豆漿,豆浆,丙
豆子,豆子,丙
毒,毒,丙
毒,毒,丙
讀物,读物,丙
獨特,独特,丙
獨自,独自,丙
端,端,丙
端正,端正,丙
堆,堆,丙
堆積,堆积,丙
隊員,队员,丙
對...來說,对...来说,丙
對得起,对得起,丙
對立,对立,丙
對了,对了,丙
對門,对门,丙
兌換,兑换,丙
頓時,顿时,丙
多半,多半,丙
多虧,多亏,丙
多勞多得,多劳多得,丙
多餘,多余,丙
哆嗦,哆嗦,丙
奪取,夺取,丙
俄語,俄语,丙
惡,恶,丙
惡化,恶化,丙
惡劣,恶劣,丙
噁心,恶心,丙
兒女,儿女,丙
發電,发电,丙
發覺,发觉,丙
發射,发射,丙
發行,发行,丙
發育,发育,丙
罰,罚,丙
法令,法令,丙
法院,法院,丙
法製,法制,丙
法子,法子,丙
番,番,丙
翻身,翻身,丙
凡是,凡是,丙
煩,烦,丙
繁殖,繁殖,丙
反,反,丙
反,反,丙
反而,反而,丙
反擊,反击,丙
反問,反问,丙
返,返,丙
犯人,犯人,丙
犯罪,犯罪,丙
氾濫,泛滥,丙
飯館,饭馆,丙
方,方,丙
防守,防守,丙
防禦,防御,丙
防治,防治,丙
妨礙,妨碍,丙
房屋,房屋,丙
紡,纺,丙
放手,放手,丙
放鬆,放松,丙
放學,放学,丙
放映,放映,丙
飛快,飞快,丙
飛行,飞行,丙
飛躍,飞跃,丙
非,非,丙
非,非,丙
肥料,肥料,丙
肥皂,肥皂,丙
廢,废,丙
廢除,废除,丙
廢話,废话,丙
廢墟,废墟,丙
沸騰,沸腾,丙
費力,费力,丙
分佈,分布,丙
分割,分割,丙
分工,分工,丙
分解,分解,丙
分離,分离,丙
分量,分量,丙
分裂,分裂,丙
分泌,分泌,丙
分明,分明,丙
分散,分散,丙
分數,分数,丙
分子,分子,丙
分子,分子,丙
墳,坟,丙
粉,粉,丙
粉碎,粉碎,丙
糞,粪,丙
豐產,丰产,丙
豐收,丰收,丙
風格,风格,丙
風氣,风气,丙
封,封,丙
封鎖,封锁,丙
瘋,疯,丙
瘋狂,疯狂,丙
縫,缝,丙
諷刺,讽刺,丙
佛教,佛教,丙
夫妻,夫妻,丙
服,服,丙
俯,俯,丙
腐蝕,腐蚀,丙
腐朽,腐朽,丙
婦人,妇人,丙
負,负,丙
負擔,负担,丙
復活節,复活节,丙
複製,复制,丙
富有,富有,丙
富裕,富裕,丙
改編,改编,丙
改良,改良,丙
蓋子,盖子,丙
乾旱,干旱,丙
幹勁,干劲,丙
干擾,干扰,丙
干涉,干涉,丙
甘,甘,丙
趕忙,赶忙,丙
趕上,赶上,丙
敢於,敢于,丙
感受,感受,丙
崗位,岗位,丙
綱領,纲领,丙
缸,缸,丙
港幣,港币,丙
港口,港口,丙
高潮,高潮,丙
高等,高等,丙
尖峰,高峰,丙
進階,高级,丙
高粱,高粱,丙
高尚,高尚,丙
高速,高速,丙
高壓,高压,丙
高中,高中,丙
稿,稿,丙
告辭,告辞,丙
鴿子,鸽子,丙
歌唱,歌唱,丙
歌劇,歌剧,丙
歌曲,歌曲,丙
歌頌,歌颂,丙
革新,革新,丙
格外,格外,丙
隔閡,隔阂,丙
個兒,个儿,丙
個體戶,个体户,丙
個性,个性,丙
各式各樣,各式各样,丙
各自,各自,丙
給以,给以,丙
給予,给予,丙
根源,根源,丙
耕地,耕地,丙
工地,工地,丙
年歷,工龄,丙
工錢,工钱,丙
工序,工序,丙
弓,弓,丙
公,公,丙
公安,公安,丙
公佈,公布,丙
公民,公民,丙
公頃,公顷,丙
公式,公式,丙
公用,公用,丙
功課,功课,丙
功勞,功劳,丙
功能,功能,丙
攻,攻,丙
攻擊,攻击,丙
攻克,攻克,丙
供應,供应,丙
宮,宫,丙
宮殿,宫殿,丙
共和國,共和国,丙
共青團,共青团,丙
勾結,勾结,丙
溝,沟,丙
鉤,钩,丙
鉤子,钩子,丙
購,购,丙
購買,购买,丙
孤立,孤立,丙
辜負,辜负,丙
古典,古典,丙
穀子,谷子,丙
股,股,丙
骨干,骨干,丙
鼓動,鼓动,丙
固定,固定,丙
固然,固然,丙
固體,固体,丙
顧問,顾问,丙
僱,雇,丙
瓜,瓜,丙
瓜子,瓜子,丙
寡婦,寡妇,丙
乖,乖,丙
拐彎兒,拐弯儿,丙
怪,怪,丙
怪,怪,丙
怪不得,怪不得,丙
關,关,丙
關懷,关怀,丙
關頭,关头,丙
觀測,观测,丙
觀看,观看,丙
理念,观念,丙
官僚主義,官僚主义,丙
管道,管道,丙
管子,管子,丙
慣,惯,丙
灌,灌,丙
灌溉,灌溉,丙
罐,罐,丙
光,光,丙
光彩,光彩,丙
光滑,光滑,丙
光臨,光临,丙
廣,广,丙
歸,归,丙
規劃,规划,丙
規矩,规矩,丙
規則,规则,丙
軌道,轨道,丙
柜台,柜台,丙
柜子,柜子,丙
貴賓,贵宾,丙
棍子,棍子,丙
鍋爐,锅炉,丙
國防,国防,丙
國籍,国籍,丙
國旗,国旗,丙
國慶節,国庆节,丙
政務院,国务院,丙
國營,国营,丙
果實,果实,丙
果樹,果树,丙
裹,裹,丙
過,过,丙
過渡,过渡,丙
過分,过分,丙
海拔,海拔,丙
海軍,海军,丙
海面,海面,丙
海峽,海峡,丙
害蟲,害虫,丙
含糊,含糊,丙
含量,含量,丙
喊叫,喊叫,丙
旱,旱,丙
焊,焊,丙
航行,航行,丙
毫米,毫米,丙
好,好,丙
好比,好比,丙
好奇,好奇,丙
耗,耗,丙
呵,呵,丙
合唱,合唱,丙
合成,合成,丙
合法,合法,丙
合格,合格,丙
合金,合金,丙
合算,合算,丙
何必,何必,丙
何況,何况,丙
河流,河流,丙
核,核,丙
黑夜,黑夜,丙
痕跡,痕迹,丙
狠,狠,丙
恨不得,恨不得,丙
橫,横,丙
宏偉,宏伟,丙
洪水,洪水,丙
喉嚨,喉咙,丙
吼,吼,丙
後代,后代,丙
後方,后方,丙
後果,后果,丙
後頭,后头,丙
後退,后退,丙
呼呼,呼呼,丙
忽視,忽视,丙
胡說,胡说,丙
胡同,胡同,丙
蝴蝶,蝴蝶,丙
互助,互助,丙
護,护,丙
花朵,花朵,丙
花生,花生,丙
華僑,华侨,丙
華人,华人,丙
嘩嘩,哗哗,丙
滑雪,滑雪,丙
化工,化工,丙
化合,化合,丙
化石,化石,丙
化驗,化验,丙
畫家,画家,丙
畫蛇添足,画蛇添足,丙
話劇,话剧,丙
懷,怀,丙
懷念,怀念,丙
懷疑,怀疑,丙
壞蛋,坏蛋,丙
歡呼,欢呼,丙
歡樂,欢乐,丙
歡喜,欢喜,丙
緩和,缓和,丙
緩緩,缓缓,丙
緩慢,缓慢,丙
幻燈,幻灯,丙
幻想,幻想,丙
喚,唤,丙
患,患,丙
荒,荒,丙
慌忙,慌忙,丙
黃昏,黄昏,丙
黃色,黄色,丙
晃,晃,丙
灰,灰,丙
灰塵,灰尘,丙
灰心,灰心,丙
輝煌,辉煌,丙
回想,回想,丙
匯,汇,丙
會報,汇报,丙
匯款,汇款,丙
毀,毁,丙
昏,昏,丙
渾身,浑身,丙
混合,混合,丙
混亂,混乱,丙
混凝土,混凝土,丙
混淆,混淆,丙
活,活,丙
活該,活该,丙
火箭,火箭,丙
火力,火力,丙
火焰,火焰,丙
火藥,火药,丙
伙,伙,丙
伙伴,伙伴,丙
或多或少,或多或少,丙
貨幣,货币,丙
貨物,货物,丙
獲,获,丙
飢餓,饥饿,丙
機,机,丙
機動,机动,丙
機構,机构,丙
肌肉,肌肉,丙
基層,基层,丙
基地,基地,丙
激素,激素,丙
級別,级别,丙
即將,即将,丙
即使,即使,丙
極端,极端,丙
躁急,急躁,丙
疾病,疾病,丙
集團,集团,丙
計,计,丙
計算機,计算机,丙
記載,记载,丙
技能,技能,丙
技巧,技巧,丙
季,季,丙
繼承,继承,丙
寂寞,寂寞,丙
加緊,加紧,丙
加入,加入,丙
加速,加速,丙
加油,加油,丙
夾子,夹子,丙
佳,佳,丙
家伙,家伙,丙
家屬,家属,丙
甲,甲,丙
價,价,丙
價錢,价钱,丙
駕駛,驾驶,丙
架,架,丙
架子,架子,丙
假,假,丙
假期,假期,丙
假如,假如,丙
假若,假若,丙
假使,假使,丙
嫁,嫁,丙
尖子,尖子,丙
堅固,坚固,丙
堅硬,坚硬,丙
殲滅,歼灭,丙
艱難,艰难,丙
兼,兼,丙
監督,监督,丙
監視,监视,丙
監獄,监狱,丙
煎,煎,丙
檢討,检讨,丙
檢驗,检验,丙
簡便,简便,丙
簡直,简直,丙
鹼,碱,丙
見解,见解,丙
建造,建造,丙
賤,贱,丙
健全,健全,丙
漸,渐,丙
濺,溅,丙
鑑定,鉴定,丙
將軍,将军,丙
僵,僵,丙
講究,讲究,丙
講課,讲课,丙
講義,讲义,丙
加菜金,奖金,丙
獎勵,奖励,丙
醬,酱,丙
交代,交代,丙
交談,交谈,丙
交易,交易,丙
澆,浇,丙
膠捲,胶卷,丙
焦急,焦急,丙
角度,角度,丙
角落,角落,丙
狡猾,狡猾,丙
腳步,脚步,丙
攪,搅,丙
教導,教导,丙
教練,教练,丙
教堂,教堂,丙
教研室,教研室,丙
階層,阶层,丙
接連,接连,丙
揭,揭,丙
揭露,揭露,丙
節,节,丙
潔白,洁白,丙
結,结,丙
結,结,丙
結果,结果,丙
截,截,丙
竭力,竭力,丙
解放軍,解放军,丙
解剖,解剖,丙
界線,界线,丙
藉口,借口,丙
今日,今日,丙
金魚,金鱼,丙
緊急,紧急,丙
緊密,紧密,丙
緊俏,紧俏,丙
謹慎,谨慎,丙
盡力,尽力,丙
近代,近代,丙
進軍,进军,丙
浸,浸,丙
經費,经费,丙
經營,经营,丙
驚,惊,丙
驚動,惊动,丙
驚奇,惊奇,丙
驚人,惊人,丙
驚訝,惊讶,丙
驚異,惊异,丙
精,精,丙
精神,精神,丙
精細,精细,丙
精致,精致,丙
鯨魚,鲸鱼,丙
景色,景色,丙
景物,景物,丙
景象,景象,丙
警告,警告,丙
警惕,警惕,丙
淨,净,丙
淨,净,丙
競爭,竞争,丙
竟,竟,丙
竟然,竟然,丙
敬酒,敬酒,丙
境,境,丙
揪,揪,丙
酒店,酒店,丙
就,就,丙
就是...也...,就是...也...,丙
就是說,就是说,丙
舅舅,舅舅,丙
舅母,舅母,丙
居民,居民,丙
居然,居然,丙
居住,居住,丙
局,局,丙
局部,局部,丙
局面,局面,丙
舉辦,举办,丙
劇,剧,丙
劇烈,剧烈,丙
劇院,剧院,丙
據,据,丙
距,距,丙
聚,聚,丙
聚集,聚集,丙
聚精會神,聚精会神,丙
卷,卷,丙
決口,决口,丙
決議,决议,丙
絕,绝,丙
覺,觉,丙
覺,觉,丙
軍備,军备,丙
軍官,军官,丙
軍艦,军舰,丙
軍人,军人,丙
均,均,丙
均勻,均匀,丙
開辦,开办,丙
開除,开除,丙
開動,开动,丙
開發,开发,丙
開飯,开饭,丙
開口,开口,丙
開幕,开幕,丙
開設,开设,丙
開水,开水,丙
開夜車,开夜车,丙
刊物,刊物,丙
看,看,丙
抗議,抗议,丙
考察,考察,丙
考驗,考验,丙
靠近,靠近,丙
科技,科技,丙
科普,科普,丙
殼,壳,丙
咳,咳,丙
可不是,可不是,丙
可見,可见,丙
可巧,可巧,丙
可惜,可惜,丙
可笑,可笑,丙
可行,可行,丙
渴望,渴望,丙
客,客,丙
客觀,客观,丙
客廳,客厅,丙
課堂,课堂,丙
坑,坑,丙
空,空,丙
空軍,空军,丙
恐怖,恐怖,丙
口氣,口气,丙
口試,口试,丙
口頭,口头,丙
枯,枯,丙
窟窿,窟窿,丙
夸,夸,丙
垮,垮,丙
快餐,快餐,丙
快活,快活,丙
寬闊,宽阔,丙
款待,款待,丙
筐,筐,丙
狂,狂,丙
狂風,狂风,丙
況且,况且,丙
礦石,矿石,丙
昆蟲,昆虫,丙
闊,阔,丙
喇叭,喇叭,丙
蠟燭,蜡烛,丙
辣,辣,丙
辣椒,辣椒,丙
來賓,来宾,丙
來回,来回,丙
來客,来客,丙
來往,来往,丙
來源,来源,丙
籃子,篮子,丙
朗誦,朗诵,丙
牢,牢,丙
牢固,牢固,丙
牢騷,牢骚,丙
老年,老年,丙
老婆,老婆,丙
老人家,老人家,丙
老鄉,老乡,丙
姥姥,姥姥,丙
樂,乐,丙
樂器,乐器,丙
類似,类似,丙
類型,类型,丙
冷靜,冷静,丙
冷卻,冷却,丙
冷凍飲料,冷饮,丙
愣,愣,丙
黎明,黎明,丙
禮,礼,丙
禮拜,礼拜,丙
裡頭,里头,丙
理,理,丙
理,理,丙
力求,力求,丙
力爭,力争,丙
歷年,历年,丙
利,利,丙
利潤,利润,丙
連接,连接,丙
聯絡,联络,丙
聯盟,联盟,丙
臉色,脸色,丙
煉,炼,丙
涼水,凉水,丙
兩旁,两旁,丙
諒解,谅解,丙
量,量,丙
料,料,丙
列車,列车,丙
烈士,烈士,丙
獵人,猎人,丙
裂,裂,丙
淋,淋,丙
靈魂,灵魂,丙
零件,零件,丙
領會,领会,丙
領土,领土,丙
領域,领域,丙
令,令,丙
溜,溜,丙
流傳,流传,丙
流動,流动,丙
流氓,流氓,丙
流水,流水,丙
流行,流行,丙
流域,流域,丙
遊學,留学,丙
柳樹,柳树,丙
籠罩,笼罩,丙
籠子,笼子,丙
壟斷,垄断,丙
攏,拢,丙
嘍,喽,丙
樓道,楼道,丙
樓房,楼房,丙
摟,搂,丙
露,露,丙
露面,露面,丙
爐子,炉子,丙
陸地,陆地,丙
陸軍,陆军,丙
路過,路过,丙
路口,路口,丙
驢,驴,丙
旅遊,旅游,丙
鋁,铝,丙
卵,卵,丙
掠奪,掠夺,丙
輪廓,轮廓,丙
輪流,轮流,丙
輪子,轮子,丙
論,论,丙
邏輯,逻辑,丙
鑼,锣,丙
駱駝,骆驼,丙
馬克思主義,马克思主义,丙
瞞,瞒,丙
滿腔,满腔,丙
漫長,漫长,丙
盲目,盲目,丙
毛筆,毛笔,丙
毛線,毛线,丙
毛澤東思想,毛泽东思想,丙
茅台酒,茅台酒,丙
沒說的,没说的,丙
眉毛,眉毛,丙
眉頭,眉头,丙
梅花,梅花,丙
美觀,美观,丙
門診,门诊,丙
悶,闷,丙
悶,闷,丙
猛,猛,丙
猛烈,猛烈,丙
猛然,猛然,丙
蒙,蒙,丙
夢想,梦想,丙
迷,迷,丙
迷糊,迷糊,丙
迷信,迷信,丙
謎語,谜语,丙
瞇,眯,丙
秘書,秘书,丙
蜜,蜜,丙
免得,免得,丙
勉強,勉强,丙
面對,面对,丙
面粉,面粉,丙
面孔,面孔,丙
面臨,面临,丙
苗,苗,丙
滅亡,灭亡,丙
民兵,民兵,丙
民間,民间,丙
民用,民用,丙
敏捷,敏捷,丙
明白,明白,丙
明明,明明,丙
明信片,明信片,丙
鳴,鸣,丙
命,命,丙
模範,模范,丙
模糊,模糊,丙
模型,模型,丙
機車,摩托车,丙
抹,抹,丙
末,末,丙
陌生,陌生,丙
墨,墨,丙
某些,某些,丙
木材,木材,丙
目光,目光,丙
牧場,牧场,丙
牧民,牧民,丙
墓,墓,丙
幕,幕,丙
拿...來說,拿...来说,丙
內科,内科,丙
奶,奶,丙
耐,耐,丙
耐煩,耐烦,丙
男子,男子,丙
難得,难得,丙
難怪,难怪,丙
難題,难题,丙
難以,难以,丙
腦筋,脑筋,丙
腦力,脑力,丙
鬧笑話,闹笑话,丙
鬧著玩兒,闹着玩儿,丙
嫩,嫩,丙
能,能,丙
能,能,丙
能歌善舞,能歌善舞,丙
能量,能量,丙
泥土,泥土,丙
念書,念书,丙
娘,娘,丙
捏,捏,丙
寧可,宁可,丙
擰,拧,丙
扭轉,扭转,丙
農場,农场,丙
農具,农具,丙
農貿市場,农贸市场,丙
農田,农田,丙
農藥,农药,丙
農作物,农作物,丙
奴隸,奴隶,丙
怒,怒,丙
女子,女子,丙
噢,噢,丙
哦,哦,丙
偶爾,偶尔,丙
偶然,偶然,丙
趴,趴,丙
拍攝,拍摄,丙
拍子,拍子,丙
排斥,排斥,丙
排列,排列,丙
牌子,牌子,丙
攀,攀,丙
攀登,攀登,丙
盤,盘,丙
盼,盼,丙
畔,畔,丙
拋,抛,丙
砲彈,炮弹,丙
泡,泡,丙
陪同,陪同,丙
培養,培养,丙
培育,培育,丙
賠償,赔偿,丙
佩服,佩服,丙
配,配,丙
盆地,盆地,丙
棚,棚,丙
蓬勃,蓬勃,丙
膨脹,膨胀,丙
碰釘子,碰钉子,丙
批,批,丙
疲倦,疲倦,丙
屁股,屁股,丙
譬如,譬如,丙
偏,偏,丙
偏偏,偏偏,丙
飄揚,飘扬,丙
拼,拼,丙
貧苦,贫苦,丙
貧窮,贫穷,丙
品德,品德,丙
品性,品质,丙
平凡,平凡,丙
平衡,平衡,丙
平行,平行,丙
評,评,丙
評價,评价,丙
評論,评论,丙
憑,凭,丙
潑,泼,丙
迫害,迫害,丙
破產,破产,丙
破爛,破烂,丙
葡萄,葡萄,丙
普及,普及,丙
國語,普通话,丙
欺負,欺负,丙
漆,漆,丙
其,其,丙
其實,其实,丙
奇跡,奇迹,丙
棋,棋,丙
旗袍,旗袍,丙
旗幟,旗帜,丙
起初,起初,丙
起飛,起飞,丙
起義,起义,丙
起源,起源,丙
氣,气,丙
氣氛,气氛,丙
氣憤,气愤,丙
氣概,气概,丙
氣體,气体,丙
氣味,气味,丙
氣壓,气压,丙
汽船,汽船,丙
器材,器材,丙
器官,器官,丙
恰當,恰当,丙
恰好,恰好,丙
恰恰,恰恰,丙
千方百計,千方百计,丙
千克,千克,丙
鉛,铅,丙
謙虛,谦虚,丙
前方,前方,丙
前後,前后,丙
前頭,前头,丙
歉意,歉意,丙
強迫,强迫,丙
牆壁,墙壁,丙
翹,翘,丙
切實,切实,丙
親,亲,丙
親熱,亲热,丙
親人,亲人,丙
親眼,亲眼,丙
侵犯,侵犯,丙
侵入,侵入,丙
琴,琴,丙
勤勞,勤劳,丙
青菜,青菜,丙
青春,青春,丙
青蛙,青蛙,丙
輕視,轻视,丙
輕易,轻易,丙
傾向,倾向,丙
清晨,清晨,丙
清除,清除,丙
清潔,清洁,丙
清晰,清晰,丙
清醒,清醒,丙
情,情,丙
情報,情报,丙
晴天,晴天,丙
請教,请教,丙
請示,请示,丙
窮人,穷人,丙
丘陵,丘陵,丙
秋季,秋季,丙
區域,区域,丙
曲折,曲折,丙
管道,渠道,丙
娶,娶,丙
趣味,趣味,丙
圈子,圈子,丙
全局,全局,丙
權力,权力,丙
權利,权利,丙
拳頭,拳头,丙
勸告,劝告,丙
群島,群岛,丙
燃料,燃料,丙
染料,染料,丙
饒,饶,丙
熱帶,热带,丙
熱量,热量,丙
人家,人家,丙
人間,人间,丙
人力,人力,丙
人群,人群,丙
人士,人士,丙
人體,人体,丙
人心,人心,丙
忍不住,忍不住,丙
忍耐,忍耐,丙
忍受,忍受,丙
任,任,丙
任,任,丙
任性,任性,丙
任意,任意,丙
仍舊,仍旧,丙
日報,日报,丙
日夜,日夜,丙
日益,日益,丙
日用,日用,丙
榮幸,荣幸,丙
容,容,丙
容器,容器,丙
容許,容许,丙
溶液,溶液,丙
柔軟,柔软,丙
揉,揉,丙
如此,如此,丙
如同,如同,丙
如下,如下,丙
軟弱,软弱,丙
若,若,丙
若干,若干,丙
塞,塞,丙
散,散,丙
散,散,丙
散佈,散布,丙
散文,散文,丙
喪失,丧失,丙
色彩,色彩,丙
紗,纱,丙
山地,山地,丙
山峰,山峰,丙
山谷,山谷,丙
刪,删,丙
閃電,闪电,丙
閃爍,闪烁,丙
扇子,扇子,丙
傷害,伤害,丙
傷口,伤口,丙
傷腦筋,伤脑筋,丙
商人,商人,丙
上帝,上帝,丙
上升,上升,丙
上述,上述,丙
上頭,上头,丙
上下,上下,丙
上旬,上旬,丙
上游,上游,丙
少女,少女,丙
少先隊,少先队,丙
哨兵,哨兵,丙
舍不得,舍不得,丙
舍得,舍得,丙
設,设,丙
設法,设法,丙
設想,设想,丙
社會主義,社会主义,丙
社論,社论,丙
射擊,射击,丙
攝氏,摄氏,丙
攝影,摄影,丙
申請,申请,丙
身材,身材,丙
身分,身份,丙
身子,身子,丙
深度,深度,丙
深夜,深夜,丙
神話,神话,丙
神祕,神秘,丙
神氣,神气,丙
神情,神情,丙
神聖,神圣,丙
審查,审查,丙
嬸子,婶子,丙
甚至,甚至,丙
甚至於,甚至于,丙
慎重,慎重,丙
生,生,丙
生病,生病,丙
生存,生存,丙
生理,生理,丙
聲明,声明,丙
省長,省长,丙
省得,省得,丙
耶誕節,圣诞节,丙
盛,盛,丙
剩餘,剩余,丙
失掉,失掉,丙
失眠,失眠,丙
師范,师范,丙
詩人,诗人,丙
濕潤,湿润,丙
時常,时常,丙
時機,时机,丙
時節,时节,丙
時時,时时,丙
實話,实话,丙
實況,实况,丙
實施,实施,丙
實習,实习,丙
實質,实质,丙
使得,使得,丙
使勁,使劲,丙
駛,驶,丙
士兵,士兵,丙
市長,市长,丙
示威,示威,丙
事故,事故,丙
事跡,事迹,丙
事務,事务,丙
勢力,势力,丙
是的,是的,丙
是非,是非,丙
是否,是否,丙
適宜,适宜,丙
逝世,逝世,丙
收割,收割,丙
收集,收集,丙
收縮,收缩,丙
手槍,手枪,丙
手勢,手势,丙
守,守,丙
壽命,寿命,丙
售,售,丙
售貨,售货,丙
書本,书本,丙
書籍,书籍,丙
梳,梳,丙
梳子,梳子,丙
舒暢,舒畅,丙
束,束,丙
束縛,束缚,丙
樹立,树立,丙
樹木,树木,丙
數據,数据,丙
數目,数目,丙
刷子,刷子,丙
耍,耍,丙
衰弱,衰弱,丙
拴,拴,丙
雙,双,丙
霜,霜,丙
水分,水分,丙
水庫,水库,丙
水力,水力,丙
水利,水利,丙
稅,税,丙
睡眠,睡眠,丙
順,顺,丙
順手,顺手,丙
說不定,说不定,丙
說法,说法,丙
說服,说服,丙
絲毫,丝毫,丙
司令,司令,丙
私有,私有,丙
思考,思考,丙
思念,思念,丙
思索,思索,丙
思惟,思维,丙
死,死,丙
死亡,死亡,丙
四處,四处,丙
四面八方,四面八方,丙
四周,四周,丙
伺候,伺候,丙
似的,似的,丙
飼養,饲养,丙
松樹,松树,丙
送禮,送礼,丙
搜集,搜集,丙
艘,艘,丙
俗話,俗话,丙
速成,速成,丙
算是,算是,丙
算數,算数,丙
雖,虽,丙
雖說,虽说,丙
隨後,随后,丙
隨即,随即,丙
隨手,随手,丙
歲數,岁数,丙
孫女,孙女,丙
孫子,孙子,丙
損害,损害,丙
損壞,损坏,丙
縮短,缩短,丙
縮小,缩小,丙
所在,所在,丙
鎖,锁,丙
鎖,锁,丙
塌,塌,丙
踏,踏,丙
踏實,踏实,丙
攤,摊,丙
攤,摊,丙
灘,滩,丙
談話,谈话,丙
談論,谈论,丙
坦克,坦克,丙
嘆氣,叹气,丙
探索,探索,丙
倘若,倘若,丙
逃避,逃避,丙
桃,桃,丙
特,特,丙
特務,特务,丙
特徵,特征,丙
提包,提包,丙
提綱,提纲,丙
提問,提问,丙
提醒,提醒,丙
提議,提议,丙
蹄,蹄,丙
體操,体操,丙
體力,体力,丙
體面,体面,丙
體溫,体温,丙
體現,体现,丙
天才,天才,丙
天空,天空,丙
天然,天然,丙
天然氣,天然气,丙
天上,天上,丙
天文,天文,丙
天下,天下,丙
天主教,天主教,丙
田地,田地,丙
挑選,挑选,丙
條例,条例,丙
跳動,跳动,丙
廳,厅,丙
亭子,亭子,丙
停留,停留,丙
挺,挺,丙
通常,通常,丙
通順,通顺,丙
通信,通信,丙
同伴,同伴,丙
同胞,同胞,丙
同盟,同盟,丙
統計,统计,丙
統統,统统,丙
筒,筒,丙
頭腦,头脑,丙
投機,投机,丙
投降,投降,丙
透明,透明,丙
突破,突破,丙
圖畫,图画,丙
徒弟,徒弟,丙
途徑,途径,丙
土,土,丙
土壤,土壤,丙
團長,团长,丙
團契,团体,丙
團員,团员,丙
延遲,推迟,丙
推辭,推辞,丙
推翻,推翻,丙
推薦,推荐,丙
推進,推进,丙
退步,退步,丙
退休,退休,丙
吞,吞,丙
托兒所,托儿所,丙
農耕機,拖拉机,丙
馱,驮,丙
妥當,妥当,丙
娃娃,娃娃,丙
瓦,瓦,丙
歪曲,歪曲,丙
外部,外部,丙
外界,外界,丙
外科,外科,丙
外頭,外头,丙
外衣,外衣,丙
外祖父,外祖父,丙
外祖母,外祖母,丙
彎曲,弯曲,丙
丸,丸,丙
完備,完备,丙
完善,完善,丙
玩笑,玩笑,丙
玩意兒,玩意儿,丙
頑固,顽固,丙
頑強,顽强,丙
挽,挽,丙
挽救,挽救,丙
晚報,晚报,丙
萬分,万分,丙
萬古長青,万古长青,丙
萬歲,万岁,丙
萬萬,万万,丙
萬一,万一,丙
網,网,丙
往來,往来,丙
威脅,威胁,丙
微小,微小,丙
為難,为难,丙
為首,为首,丙
為止,为止,丙
圍巾,围巾,丙
違背,违背,丙
維持,维持,丙
維生素,维生素,丙
委屈,委屈,丙
委托,委托,丙
未必,未必,丙
位於,位于,丙
味,味,丙
慰問,慰问,丙
溫,温,丙
溫帶,温带,丙
溫和,温和,丙
聞名,闻名,丙
蚊子,蚊子,丙
吻,吻,丙
嗡,嗡,丙
臥,卧,丙
污,污,丙
誣蔑,诬蔑,丙
無比,无比,丙
無產階級,无产阶级,丙
無法,无法,丙
無可奈何,无可奈何,丙
無論如何,无论如何,丙
無情,无情,丙
無所謂,无所谓,丙
無線電,无线电,丙
無疑,无疑,丙
武裝,武装,丙
侮辱,侮辱,丙
舞蹈,舞蹈,丙
舞會,舞会,丙
舞台,舞台,丙
物品,物品,丙
物體,物体,丙
物資,物资,丙
誤,误,丙
西服,西服,丙
西醫,西医,丙
吸取,吸取,丙
稀,稀,丙
錫,锡,丙
襲擊,袭击,丙
媳婦,媳妇,丙
喜愛,喜爱,丙
喜悅,喜悦,丙
戲劇,戏剧,丙
細胞,细胞,丙
細緻,细致,丙
蝦,虾,丙
瞎,瞎,丙
峽谷,峡谷,丙
下降,下降,丙
下列,下列,丙
下旬,下旬,丙
下游,下游,丙
夏季,夏季,丙
鮮明,鲜明,丙
鮮血,鲜血,丙
鮮豔,鲜艳,丙
閒話,闲话,丙
咸,咸,丙
嫌,嫌,丙
顯示,显示,丙
險,险,丙
縣城,县城,丙
現,现,丙
現成,现成,丙
線路,线路,丙
憲法,宪法,丙
陷,陷,丙
鄉村,乡村,丙
相對,相对,丙
相聲,相声,丙
香煙,香烟,丙
箱,箱,丙
響亮,响亮,丙
向導,向导,丙
向來,向来,丙
巷,巷,丙
象徵,象征,丙
削,削,丙
消除,消除,丙
消毒,消毒,丙
消耗,消耗,丙
消極,消极,丙
小便,小便,丙
小組,小组,丙
笑容,笑容,丙
協定,协定,丙
協會,协会,丙
協助,协助,丙
協作,协作,丙
寫作,写作,丙
卸,卸,丙
心愛,心爱,丙
心理,心理,丙
心事,心事,丙
心思,心思,丙
心意,心意,丙
辛勤,辛勤,丙
欣賞,欣赏,丙
新生,新生,丙
新式,新式,丙
新型,新型,丙
信號,信号,丙
信念,信念,丙
信任,信任,丙
訊息,信息,丙
興高采烈,兴高采烈,丙
行,行,丙
行列,行列,丙
行人,行人,丙
行駛,行驶,丙
行為,行为,丙
行星,行星,丙
行業,行业,丙
行政,行政,丙
形態,形态,丙
幸虧,幸亏,丙
性別,性别,丙
性能,性能,丙
凶,凶,丙
兇惡,凶恶,丙
修建,修建,丙
修正,修正,丙
修築,修筑,丙
繡,绣,丙
鏽,锈,丙
須,须,丙
需,需,丙
敘述,叙述,丙
宣告,宣告,丙
宣言,宣言,丙
懸,悬,丙
懸崖,悬崖,丙
旋轉,旋转,丙
選修,选修,丙
學會,学会,丙
學科,学科,丙
學年,学年,丙
學時,学时,丙
學說,学说,丙
學位,学位,丙
學員,学员,丙
學者,学者,丙
學製,学制,丙
雪花,雪花,丙
血管,血管,丙
血汗,血汗,丙
尋,寻,丙
詢問,询问,丙
循環,循环,丙
壓力,压力,丙
壓縮,压缩,丙
壓制,压制,丙
押,押,丙
鴨子,鸭子,丙
牙齒,牙齿,丙
牙膏,牙膏,丙
芽,芽,丙
亞軍,亚军,丙
煙,烟,丙
煙囪,烟囱,丙
淹,淹,丙
嚴,严,丙
嚴禁,严禁,丙
嚴厲,严厉,丙
嚴密,严密,丙
岩石,岩石,丙
沿兒,沿儿,丙
沿海,沿海,丙
研究生,研究生,丙
研製,研制,丙
掩蓋,掩盖,丙
掩護,掩护,丙
眼光,眼光,丙
眼看,眼看,丙
演說,演说,丙
厭惡,厌恶,丙
燕子,燕子,丙
揚,扬,丙
洋,洋,丙
養成,养成,丙
養料,养料,丙
氧化,氧化,丙
氧氣,氧气,丙
窯,窑,丙
謠言,谣言,丙
搖擺,摇摆,丙
搖晃,摇晃,丙
遙遠,遥远,丙
藥方,药方,丙
藥品,药品,丙
藥水兒,药水儿,丙
藥物,药物,丙
要,要,丙
要不,要不,丙
要不然,要不然,丙
要不是,要不是,丙
要點,要点,丙
要好,要好,丙
冶金,冶金,丙
野獸,野兽,丙
夜間,夜间,丙
液體,液体,丙
一帶,一带,丙
一口氣,一口气,丙
一連,一连,丙
一路平安,一路平安,丙
一路順風,一路顺风,丙
一面...一面...,一面...一面...,丙
一旁,一旁,丙
一系列,一系列,丙
一下,一下,丙
一向,一向,丙
一心,一心,丙
一行,一行,丙
一一,一一,丙
一再,一再,丙
一陣,一阵,丙
伊斯蘭教,伊斯兰教,丙
醫療,医疗,丙
依舊,依旧,丙
依據,依据,丙
依然,依然,丙
依照,依照,丙
儀表,仪表,丙
儀式,仪式,丙
姨,姨,丙
遺產,遗产,丙
遺憾,遗憾,丙
遺留,遗留,丙
疑心,疑心,丙
乙,乙,丙
以便,以便,丙
以至,以至,丙
以致,以致,丙
倚,倚,丙
義務,义务,丙
議會,议会,丙
抑制,抑制,丙
易,易,丙
意識,意识,丙
意味著,意味着,丙
毅力,毅力,丙
陰謀,阴谋,丙
陰天,阴天,丙
音,音,丙
銀幕,银幕,丙
引,引,丙
引導,引导,丙
引進,引进,丙
飲料,饮料,丙
隱約,隐约,丙
印染,印染,丙
應,应,丙
應酬,应酬,丙
應付,应付,丙
應邀,应邀,丙
英鎊,英镑,丙
英明,英明,丙
嬰兒,婴儿,丙
迎,迎,丙
影片,影片,丙
硬,硬,丙
喲,哟,丙
擁擠,拥挤,丙
涌,涌,丙
踴躍,踊跃,丙
用品,用品,丙
用途,用途,丙
用心,用心,丙
優勝,优胜,丙
優勢,优势,丙
優越,优越,丙
猶豫,犹豫,丙
郵包,邮包,丙
油田,油田,丙
游,游,丙
遊戲,游戏,丙
遊行,游行,丙
友愛,友爱,丙
有機,有机,丙
有兩下子,有两下子,丙
有限,有限,丙
有一些,有一些,丙
有益,有益,丙
有意,有意,丙
幼稚園,幼儿园,丙
幼稚,幼稚,丙
余,余,丙
娛樂,娱乐,丙
漁民,渔民,丙
愚蠢,愚蠢,丙
與其,与其,丙
宇宙,宇宙,丙
國文,语文,丙
浴室,浴室,丙
預報,预报,丙
預防,预防,丙
預告,预告,丙
預先,预先,丙
預祝,预祝,丙
寓言,寓言,丙
愈...愈...,愈...愈...,丙
冤枉,冤枉,丙
元旦,元旦,丙
元素,元素,丙
園林,园林,丙
原理,原理,丙
原始,原始,丙
原先,原先,丙
原子,原子,丙
原子彈,原子弹,丙
圓滿,圆满,丙
援助,援助,丙
緣故,缘故,丙
猿人,猿人,丙
遠銷,远销,丙
苑,苑,丙
愿,愿,丙
月光,月光,丙
鑰匙,钥匙,丙
躍進,跃进,丙
越,越,丙
運氣,运气,丙
運轉,运转,丙
暈,晕,丙
雜文,杂文,丙
雜誌,杂志,丙
雜質,杂质,丙
砸,砸,丙
災難,灾难,丙
栽,栽,丙
載,载,丙
載重,载重,丙
再三,再三,丙
再說,再说,丙
在於,在于,丙
在座,在座,丙
讚美,赞美,丙
讚揚,赞扬,丙
遭,遭,丙
遭遇,遭遇,丙
糟,糟,丙
鑿,凿,丙
早期,早期,丙
早晚,早晚,丙
早已,早已,丙
責備,责备,丙
增產,增产,丙
增進,增进,丙
增強,增强,丙
贈送,赠送,丙
渣,渣,丙
扎實,扎实,丙
炸,炸,丙
炸,炸,丙
債,债,丙
沾,沾,丙
盞,盏,丙
嶄新,崭新,丙
佔領,占领,丙
佔有,占有,丙
戰場,战场,丙
戰略,战略,丙
戰術,战术,丙
戰線,战线,丙
戰友,战友,丙
張,张,丙
張望,张望,丙
掌聲,掌声,丙
帳,帐,丙
脹,胀,丙
障礙,障碍,丙
招,招,丙
招手,招手,丙
召集,召集,丙
照例,照例,丙
照相機,照相机,丙
照樣,照样,丙
照耀,照耀,丙
罩,罩,丙
遮,遮,丙
折合,折合,丙
折磨,折磨,丙
者,者,丙
這會兒,这会儿,丙
這樣一來,这样一来,丙
針灸,针灸,丙
珍貴,珍贵,丙
珍惜,珍惜,丙
珍珠,珍珠,丙
真是,真是,丙
枕頭,枕头,丙
陣地,阵地,丙
振動,振动,丙
鎮,镇,丙
鎮靜,镇静,丙
鎮壓,镇压,丙
震,震,丙
震動,震动,丙
爭奪,争夺,丙
征,征,丙
征服,征服,丙
掙,挣,丙
掙扎,挣扎,丙
蒸發,蒸发,丙
蒸汽,蒸汽,丙
整,整,丙
整頓,整顿,丙
整風,整风,丙
整體,整体,丙
正當,正当,丙
正經,正经,丙
正面,正面,丙
正義,正义,丙
信任狀,证件,丙
證據,证据,丙
證實,证实,丙
證書,证书,丙
政黨,政党,丙
政權,政权,丙
症狀,症状,丙
之,之,丙
之,之,丙
之類,之类,丙
之內,之内,丙
之外,之外,丙
支,支,丙
支配,支配,丙
枝,枝,丙
知,知,丙
知識分子,知识分子,丙
直達,直达,丙
直徑,直径,丙
值,值,丙
職員,职员,丙
殖民地,殖民地,丙
只得,只得,丙
指標,指标,丙
指點,指点,丙
指南針,指南针,丙
指頭,指头,丙
指引,指引,丙
至於,至于,丙
志願,志愿,丙
製,制,丙
制止,制止,丙
製作,制作,丙
治療,治疗,丙
質,质,丙
致,致,丙
智慧,智慧,丙
中,中,丙
中部,中部,丙
中斷,中断,丙
中年,中年,丙
中旬,中旬,丙
中醫,中医,丙
忠誠,忠诚,丙
忠實,忠实,丙
終身,终身,丙
衷心,衷心,丙
腫,肿,丙
種類,种类,丙
種植,种植,丙
週末,周末,丙
週年,周年,丙
粥,粥,丙
皺,皱,丙
皺紋,皱纹,丙
主持,主持,丙
主力,主力,丙
主權,主权,丙
囑咐,嘱咐,丙
住宅,住宅,丙
助,助,丙
助手,助手,丙
注射,注射,丙
注視,注视,丙
駐,驻,丙
柱子,柱子,丙
祝願,祝愿,丙
鑄,铸,丙
專,专,丙
專政,专政,丙
磚,砖,丙
轉播,转播,丙
轉達,转达,丙
轉動,转动,丙
轉動,转动,丙
轉化,转化,丙
轉入,转入,丙
轉彎,转弯,丙
轉移,转移,丙
賺,赚,丙
樁,桩,丙
裝備,装备,丙
裝飾,装饰,丙
裝置,装置,丙
壯,壮,丙
壯大,壮大,丙
壯麗,壮丽,丙
幢,幢,丙
追求,追求,丙
著涼,着凉,丙
著手,着手,丙
著重,着重,丙
姿勢,姿势,丙
姿態,姿态,丙
資本,资本,丙
資本家,资本家,丙
資本主義,资本主义,丙
資產階級,资产阶级,丙
資格,资格,丙
資金,资金,丙
子,子,丙
子彈,子弹,丙
字典,字典,丙
字母,字母,丙
自豪,自豪,丙
自來水,自来水,丙
自滿,自满,丙
自身,自身,丙
自始至終,自始至终,丙
自私,自私,丙
自相矛盾,自相矛盾,丙
自信,自信,丙
自言自語,自言自语,丙
自願,自愿,丙
自治,自治,丙
自治區,自治区,丙
自主,自主,丙
宗教,宗教,丙
宗派,宗派,丙
總,总,丙
總得,总得,丙
總而言之,总而言之,丙
總共,总共,丙
總算,总算,丙
總之,总之,丙
走後門兒,走后门儿,丙
走廊,走廊,丙
走彎路,走弯路,丙
租,租,丙
足,足,丙
足,足,丙
阻礙,阻碍,丙
阻力,阻力,丙
阻止,阻止,丙
組長,组长,丙
組成,组成,丙
祖父,祖父,丙
祖母,祖母,丙
祖先,祖先,丙
嘴唇,嘴唇,丙
罪,罪,丙
罪惡,罪恶,丙
罪行,罪行,丙
尊重,尊重,丙
作風,作风,丙
作物,作物,丙
作戰,作战,丙
座兒,座儿,丙
哀悼,哀悼,丁
哀求,哀求,丁
艾滋病,艾滋病,丁
愛戴,爱戴,丁
愛面子,爱面子,丁
愛惜,爱惜,丁
礙事,碍事,丁
安寧,安宁,丁
安穩,安稳,丁
安詳,安详,丁
安置,安置,丁
按勞分配,按劳分配,丁
案,案,丁
案件,案件,丁
案情,案情,丁
暗淡,暗淡,丁
暗殺,暗杀,丁
暗示,暗示,丁
暗中,暗中,丁
昂貴,昂贵,丁
昂揚,昂扬,丁
凹,凹,丁
襖,袄,丁
巴結,巴结,丁
扒,扒,丁
芭蕾舞,芭蕾舞,丁
疤,疤,丁
捌,捌,丁
把柄,把柄,丁
把關,把关,丁
把手,把手,丁
把戲,把戏,丁
霸道,霸道,丁
霸權,霸权,丁
霸佔,霸占,丁
掰,掰,丁
白酒,白酒,丁
百倍,百倍,丁
百分比,百分比,丁
百花齊放,百花齐放,丁
百家爭鳴,百家争鸣,丁
擺動,摆动,丁
敗壞,败坏,丁
拜,拜,丁
拜年,拜年,丁
扳,扳,丁
班機,班机,丁
班子,班子,丁
頒布,颁布,丁
頒發,颁发,丁
斑,斑,丁
搬運,搬运,丁
版,版,丁
辦學,办学,丁
半邊天,半边天,丁
半截,半截,丁
半徑,半径,丁
半路,半路,丁
半數,半数,丁
半途而廢,半途而废,丁
半真半假,半真半假,丁
伴,伴,丁
伴侶,伴侣,丁
伴隨,伴随,丁
伴奏,伴奏,丁
扮,扮,丁
扮演,扮演,丁
拌,拌,丁
綁架,绑架,丁
棒球,棒球,丁
包辦,包办,丁
包干兒,包干儿,丁
包裹,包裹,丁
包裝,包装,丁
雹子,雹子,丁
寶貝,宝贝,丁
寶劍,宝剑,丁
寶庫,宝库,丁
飽和,饱和,丁
飽滿,饱满,丁
保健,保健,丁
僕婦,保姆,丁
保溫,保温,丁
保養,保养,丁
保重,保重,丁
堡壘,堡垒,丁
報答,报答,丁
報考,报考,丁
報銷,报销,丁
抱負,抱负,丁
抱怨,抱怨,丁
暴動,暴动,丁
暴風驟雨,暴风骤雨,丁
暴力,暴力,丁
爆,爆,丁
爆破,爆破,丁
爆竹,爆竹,丁
卑鄙,卑鄙,丁
悲慘,悲惨,丁
悲憤,悲愤,丁
悲劇,悲剧,丁
悲傷,悲伤,丁
貝殼,贝壳,丁
備用,备用,丁
背面,背面,丁
背叛,背叛,丁
倍數,倍数,丁
被告,被告,丁
奔馳,奔驰,丁
奔騰,奔腾,丁
本能,本能,丁
本錢,本钱,丁
本性,本性,丁
本著,本着,丁
笨蛋,笨蛋,丁
笨重,笨重,丁
笨拙,笨拙,丁
崩潰,崩溃,丁
繃,绷,丁
繃帶,绷带,丁
蹦,蹦,丁
逼近,逼近,丁
逼迫,逼迫,丁
鼻涕,鼻涕,丁
比分,比分,丁
比價,比价,丁
比喻,比喻,丁
比重,比重,丁
彼,彼,丁
筆跡,笔迹,丁
筆直,笔直,丁
幣,币,丁
必將,必将,丁
閉幕式,闭幕式,丁
閉塞,闭塞,丁
弊病,弊病,丁
弊端,弊端,丁
碧綠,碧绿,丁
避,避,丁
邊防,边防,丁
邊境,边境,丁
編號,编号,丁
編者按,编者按,丁
鞭策,鞭策,丁
鞭炮,鞭炮,丁
鞭子,鞭子,丁
貶低,贬低,丁
貶義,贬义,丁
貶值,贬值,丁
便道,便道,丁
變更,变更,丁
變換,变换,丁
變遷,变迁,丁
變形,变形,丁
變質,变质,丁
遍地,遍地,丁
辯別,辩别,丁
辯護,辩护,丁
辯解,辩解,丁
辯認,辩认,丁
辯証,辩证,丁
辯證法,辩证法,丁
辮子,辫子,丁
標,标,丁
標本,标本,丁
標題,标题,丁
表彰,表彰,丁
憋,憋,丁
別扭,别扭,丁
冰淇淋,冰淇淋,丁
秉性,秉性,丁
並存,并存,丁
並非,并非,丁
並列,并列,丁
並排,并排,丁
病蟲害,病虫害,丁
病毒,病毒,丁
病號,病号,丁
撥款,拨款,丁
波動,波动,丁
波濤,波涛,丁
播放,播放,丁
播音,播音,丁
播種,播种,丁
駁斥,驳斥,丁
博覽會,博览会,丁
搏鬥,搏斗,丁
薄膜,薄膜,丁
卜,卜,丁
補償,补偿,丁
補救,补救,丁
補貼,补贴,丁
補助,补助,丁
捕撈,捕捞,丁
捕捉,捕捉,丁
不卑不亢,不卑不亢,丁
不辭而別,不辞而别,丁
不當,不当,丁
不得,不得,丁
不得已,不得已,丁
不等,不等,丁
不定,不定,丁
不法,不法,丁
不妨,不妨,丁
不公,不公,丁
不解,不解,丁
不堪,不堪,丁
不愧,不愧,丁
不良,不良,丁
不容,不容,丁
不時,不时,丁
不惜,不惜,丁
不相上下,不相上下,丁
不朽,不朽,丁
不言而喻,不言而喻,丁
不宜,不宜,丁
不正之風,不正之风,丁
不知不覺,不知不觉,丁
不至於,不至于,丁
佈局,布局,丁
步兵,步兵,丁
步伐,步伐,丁
步行,步行,丁
步子,步子,丁
部件,部件,丁
部位,部位,丁
埠,埠,丁
猜測,猜测,丁
才干,才干,丁
才智,才智,丁
財,财,丁
財會,财会,丁
財經,财经,丁
財力,财力,丁
財務,财务,丁
裁,裁,丁
裁決,裁决,丁
裁軍,裁军,丁
採訪,采访,丁
采集,采集,丁
採納,采纳,丁
選單,菜单,丁
參軍,参军,丁
參議院,参议院,丁
參與,参与,丁
參閱,参阅,丁
參照,参照,丁
餐,餐,丁
殘,残,丁
殘暴,残暴,丁
殘疾,残疾,丁
殘忍,残忍,丁
殘餘,残余,丁
倉促,仓促,丁
操,操,丁
操勞,操劳,丁
操練,操练,丁
槽,槽,丁
草率,草率,丁
側面,侧面,丁
測定,测定,丁
測算,测算,丁
策劃,策划,丁
策略,策略,丁
層出不窮,层出不穷,丁
層次,层次,丁
蹭,蹭,丁
叉,叉,丁
插嘴,插嘴,丁
查處,查处,丁
查獲,查获,丁
查明,查明,丁
查閱,查阅,丁
岔,岔,丁
詫異,诧异,丁
差錯,差错,丁
差距,差距,丁
差異,差异,丁
柴油,柴油,丁
摻,掺,丁
攙,搀,丁
饞,馋,丁
饞言,馋言,丁
纏,缠,丁
蟬,蝉,丁
產,产,丁
產地,产地,丁
產區,产区,丁
產業,产业,丁
闡明,阐明,丁
闡述,阐述,丁
顫,颤,丁
昌盛,昌盛,丁
猖狂,猖狂,丁
長處,长处,丁
長短,长短,丁
長壽,长寿,丁
長征,长征,丁
嘗試,尝试,丁
償,偿,丁
償還,偿还,丁
常規,常规,丁
常見,常见,丁
常年,常年,丁
常務,常务,丁
常用,常用,丁
廠房,厂房,丁
廠家,厂家,丁
廠商,厂商,丁
場所,场所,丁
敞開,敞开,丁
暢談,畅谈,丁
暢通,畅通,丁
暢銷,畅销,丁
倡議,倡议,丁
超產,超产,丁
超出,超出,丁
超級,超级,丁
超越,超越,丁
朝代,朝代,丁
朝氣,朝气,丁
朝氣蓬勃,朝气蓬勃,丁
朝三暮四,朝三暮四,丁
嘲笑,嘲笑,丁
潮流,潮流,丁
吵鬧,吵闹,丁
吵嘴,吵嘴,丁
車床,车床,丁
撤退,撤退,丁
撤銷,撤销,丁
沉澱,沉淀,丁
沉靜,沉静,丁
沉悶,沉闷,丁
沉痛,沉痛,丁
沉著,沉着,丁
陳舊,陈旧,丁
陳述,陈述,丁
稱號,称号,丁
稱心,称心,丁
成交,成交,丁
成品,成品,丁
成人,成人,丁
成套,成套,丁
成效,成效,丁
成心,成心,丁
呈,呈,丁
呈現,呈现,丁
承辦,承办,丁
承受,承受,丁
誠心誠意,诚心诚意,丁
誠意,诚意,丁
誠摯,诚挚,丁
城鎮,城镇,丁
乘機,乘机,丁
乘務員,乘务员,丁
懲,惩,丁
懲辦,惩办,丁
懲罰,惩罚,丁
澄清,澄清,丁
秤,秤,丁
池塘,池塘,丁
遲緩,迟缓,丁
遲疑,迟疑,丁
持續,持续,丁
齒輪,齿轮,丁
赤字,赤字,丁
充當,充当,丁
充沛,充沛,丁
衝鋒,冲锋,丁
衝破,冲破,丁
崇拜,崇拜,丁
崇敬,崇敬,丁
抽空,抽空,丁
抽屜,抽屉,丁
綢子,绸子,丁
稠密,稠密,丁
籌備,筹备,丁
籌建,筹建,丁
躊躇,踌躇,丁
醜惡,丑恶,丁
出差,出差,丁
出產,出产,丁
出動,出动,丁
出發點,出发点,丁
出訪,出访,丁
出境,出境,丁
出面,出面,丁
出名,出名,丁
出品,出品,丁
出入,出入,丁
出色,出色,丁
出神,出神,丁
出世,出世,丁
出售,出售,丁
除此之外,除此之外,丁
除外,除外,丁
除夕,除夕,丁
廚師,厨师,丁
鋤,锄,丁
儲備,储备,丁
儲藏,储藏,丁
儲存,储存,丁
儲蓄,储蓄,丁
處罰,处罚,丁
處方,处方,丁
處境,处境,丁
處決,处决,丁
處置,处置,丁
觸,触,丁
觸犯,触犯,丁
川流不息,川流不息,丁
傳,传,丁
傳單,传单,丁
傳遞,传递,丁
傳記,传记,丁
傳授,传授,丁
傳送,传送,丁
傳真,传真,丁
船舶,船舶,丁
船只,船只,丁
瘡,疮,丁
床鋪,床铺,丁
床位,床位,丁
創辦,创办,丁
創建,创建,丁
創業,创业,丁
吹牛,吹牛,丁
吹捧,吹捧,丁
炊事員,炊事员,丁
捶,捶,丁
錘,锤,丁
春耕,春耕,丁
純粹,纯粹,丁
蠢,蠢,丁
詞句,词句,丁
慈愛,慈爱,丁
慈祥,慈祥,丁
辭,辞,丁
辭職,辞职,丁
磁鐵,磁铁,丁
雌,雌,丁
此後,此后,丁
此時,此时,丁
次品,次品,丁
次數,次数,丁
次序,次序,丁
刺,刺,丁
從...看來,从...看来,丁
從容不迫,从容不迫,丁
從頭,从头,丁
從未,从未,丁
從小,从小,丁
從中,从中,丁
匆匆,匆匆,丁
蔥,葱,丁
湊合,凑合,丁
湊巧,凑巧,丁
粗暴,粗暴,丁
粗糧,粗粮,丁
粗魯,粗鲁,丁
粗細,粗细,丁
促,促,丁
摧殘,摧残,丁
脆,脆,丁
脆弱,脆弱,丁
翠綠,翠绿,丁
存放,存放,丁
存款,存款,丁
磋商,磋商,丁
搭配,搭配,丁
答辨,答辨,丁
打發,打发,丁
打獵,打猎,丁
大包大攬,大包大揽,丁
大臣,大臣,丁
大多,大多,丁
大公無私,大公无私,丁
大鍋飯,大锅饭,丁
大局,大局,丁
大理石,大理石,丁
大拇指,大拇指,丁
大砲,大炮,丁
大氣壓,大气压,丁
大肆,大肆,丁
大體,大体,丁
大同小異,大同小异,丁
大無畏,大无畏,丁
大廈,大厦,丁
大雁,大雁,丁
大有可為,大有可为,丁
大於,大于,丁
歹徒,歹徒,丁
代號,代号,丁
代數,代数,丁
帶勁,带劲,丁
待業,待业,丁
怠工,怠工,丁
怠慢,怠慢,丁
貸,贷,丁
債款,贷款,丁
丹,丹,丁
單元,单元,丁
擔保,担保,丁
擔憂,担忧,丁
擔子,担子,丁
膽量,胆量,丁
膽怯,胆怯,丁
膽子,胆子,丁
誕辰,诞辰,丁
彈,弹,丁
彈藥,弹药,丁
淡季,淡季,丁
淡水,淡水,丁
氮,氮,丁
當場,当场,丁
當局,当局,丁
當事人,当事人,丁
當天,当天,丁
當天,当天,丁
當心,当心,丁
當選,当选,丁
黨性,党性,丁
黨章,党章,丁
黨中央,党中央,丁
蕩,荡,丁
檔次,档次,丁
刀刃,刀刃,丁
叨嘮,叨唠,丁
導航,导航,丁
導體,导体,丁
導遊,导游,丁
倒閉,倒闭,丁
倒退,倒退,丁
倒爺,倒爷,丁
搗,捣,丁
搗蛋,捣蛋,丁
搗亂,捣乱,丁
到來,到来,丁
到期,到期,丁
悼念,悼念,丁
盜,盗,丁
盜竊,盗窃,丁
稻子,稻子,丁
得不償失,得不偿失,丁
得力,得力,丁
得以,得以,丁
得罪,得罪,丁
的確良,的确良,丁
燈泡,灯泡,丁
登陸,登陆,丁
等級,等级,丁
低級,低级,丁
低劣,低劣,丁
低溫,低温,丁
低下,低下,丁
敵,敌,丁
敵對,敌对,丁
敵視,敌视,丁
笛子,笛子,丁
抵達,抵达,丁
抵制,抵制,丁
地下鐵,地铁,丁
帝國,帝国,丁
帝國主義,帝国主义,丁
遞交,递交,丁
遞增,递增,丁
締結,缔结,丁
掂,掂,丁
顛簸,颠簸,丁
顛倒,颠倒,丁
顛覆,颠覆,丁
點火,点火,丁
點名,点名,丁
點燃,点燃,丁
點綴,点缀,丁
點子,点子,丁
電動機,电动机,丁
電路,电路,丁
電鈕,电钮,丁
電氣,电气,丁
電源,电源,丁
店員,店员,丁
澱粉,淀粉,丁
殿,殿,丁
刁,刁,丁
叼,叼,丁
雕塑,雕塑,丁
調度,调度,丁
調和,调和,丁
調換,调换,丁
調劑,调剂,丁
調解,调解,丁
碟子,碟子,丁
叮囑,叮嘱,丁
釘,钉,丁
頂點,顶点,丁
頂端,顶端,丁
訂購,订购,丁
訂貨,订货,丁
訂閱,订阅,丁
定點,定点,丁
定額,定额,丁
定價,定价,丁
定居,定居,丁
定理,定理,丁
定量,定量,丁
定律,定律,丁
定向,定向,丁
定性,定性,丁
定義,定义,丁
丟人,丢人,丁
丟失,丢失,丁
東奔西走,东奔西走,丁
東道主,东道主,丁
冬瓜,冬瓜,丁
董事,董事,丁
動盪,动荡,丁
動工,动工,丁
動亂,动乱,丁
動脈,动脉,丁
動態,动态,丁
動用,动用,丁
凍結,冻结,丁
棟,栋,丁
都市,都市,丁
兜,兜,丁
兜兒,兜儿,丁
斗志,斗志,丁
督導,督促,丁
毒害,毒害,丁
毒品,毒品,丁
毒性,毒性,丁
獨,独,丁
獨裁,独裁,丁
獨立自主,独立自主,丁
堵塞,堵塞,丁
賭,赌,丁
賭博,赌博,丁
杜絕,杜绝,丁
渡船,渡船,丁
渡口,渡口,丁
鍍,镀,丁
短處,短处,丁
短促,短促,丁
短暫,短暂,丁
斷定,断定,丁
斷斷續續,断断续续,丁
斷絕,断绝,丁
緞子,缎子,丁
對岸,对岸,丁
對策,对策,丁
對稱,对称,丁
對抗,对抗,丁
對聯,对联,丁
對手,对手,丁
對頭,对头,丁
對應,对应,丁
對照,对照,丁
兌現,兑现,丁
奪得,夺得,丁
躲避,躲避,丁
躲藏,躲藏,丁
墮落,堕落,丁
跺,跺,丁
訛,讹,丁
蛾子,蛾子,丁
額,额,丁
額外,额外,丁
惡毒,恶毒,丁
惡性,恶性,丁
鄂,鄂,丁
恩,恩,丁
恩愛,恩爱,丁
恩情,恩情,丁
恩人,恩人,丁
而後,而后,丁
而已,而已,丁
二氧化碳,二氧化碳,丁
貳,贰,丁
發病,发病,丁
發布,发布,丁
發財,发财,丁
發愁,发愁,丁
發奮圖強,发奋图强,丁
發火,发火,丁
發脾氣,发脾气,丁
發票,发票,丁
發起,发起,丁
發熱,发热,丁
發願,发誓,丁
發炎,发炎,丁
發揚光大,发扬光大,丁
伐,伐,丁
罰款,罚款,丁
法,法,丁
法定,法定,丁
法官,法官,丁
法規,法规,丁
法人,法人,丁
法庭,法庭,丁
法西斯,法西斯,丁
法則,法则,丁
帆,帆,丁
帆船,帆船,丁
番茄,番茄,丁
煩悶,烦闷,丁
煩惱,烦恼,丁
煩躁,烦躁,丁
繁,繁,丁
繁多,繁多,丁
繁華,繁华,丁
繁忙,繁忙,丁
繁體字,繁体字,丁
繁重,繁重,丁
反駁,反驳,丁
反常,反常,丁
反倒,反倒,丁
反感,反感,丁
反革命,反革命,丁
反攻,反攻,丁
回饋,反馈,丁
反面,反面,丁
反射,反射,丁
反思,反思,丁
反之,反之,丁
返回,返回,丁
犯法,犯法,丁
犯渾,犯浑,丁
泛,泛,丁
飯碗,饭碗,丁
範疇,范畴,丁
販賣,贩卖,丁
方程,方程,丁
防護,防护,丁
防線,防线,丁
防汛,防汛,丁
防疫,防疫,丁
房東,房东,丁
房租,房租,丁
放射,放射,丁
飛船,飞船,丁
飛舞,飞舞,丁
飛翔,飞翔,丁
非法,非法,丁
肥沃,肥沃,丁
匪徒,匪徒,丁
誹謗,诽谤,丁
廢品,废品,丁
廢氣,废气,丁
廢物,废物,丁
肺炎,肺炎,丁
分辨,分辨,丁
分辯,分辩,丁
分寸,分寸,丁
分隊,分队,丁
分紅,分红,丁
分化,分化,丁
分類,分类,丁
分母,分母,丁
分批,分批,丁
分期,分期,丁
分歧,分歧,丁
釐清,分清,丁
分外,分外,丁
芬芳,芬芳,丁
墳墓,坟墓,丁
粉末,粉末,丁
奮勇,奋勇,丁
奮戰,奋战,丁
憤恨,愤恨,丁
豐滿,丰满,丁
風暴,风暴,丁
風度,风度,丁
風光,风光,丁
風浪,风浪,丁
風趣,风趣,丁
風沙,风沙,丁
風尚,风尚,丁
風味,风味,丁
風險,风险,丁
風箏,风筝,丁
封閉,封闭,丁
瘋子,疯子,丁
鋒利,锋利,丁
蜂,蜂,丁
蜂蜜,蜂蜜,丁
縫,缝,丁
鳳凰,凤凰,丁
奉獻,奉献,丁
奉行,奉行,丁
否,否,丁
否決,否决,丁
否認,否认,丁
夫婦,夫妇,丁
敷衍,敷衍,丁
伏,伏,丁
服氣,服气,丁
服裝,服装,丁
俘虜,俘虏,丁
浮雕,浮雕,丁
浮動,浮动,丁
符號,符号,丁
幅度,幅度,丁
福,福,丁
福利,福利,丁
福氣,福气,丁
輻射,辐射,丁
撫養,抚养,丁
撫育,抚育,丁
斧子,斧子,丁
輔助,辅助,丁
腐敗,腐败,丁
腐化,腐化,丁
腐爛,腐烂,丁
付出,付出,丁
付款,付款,丁
負傷,负伤,丁
附帶,附带,丁
附和,附和,丁
附加,附加,丁
附屬,附属,丁
複,复,丁
複辟,复辟,丁
複合,复合,丁
復活,复活,丁
復興,复兴,丁
赴,赴,丁
副業,副业,丁
副作用,副作用,丁
富強,富强,丁
富余,富余,丁
賦予,赋予,丁
腹,腹,丁
覆蓋,覆盖,丁
改建,改建,丁
改邪歸正,改邪归正,丁
改組,改组,丁
鈣,钙,丁
概況,概况,丁
幹線,干线,丁
干預,干预,丁
甘心,甘心,丁
甘蔗,甘蔗,丁
肝炎,肝炎,丁
竿,竿,丁
稈,秆,丁
感,感,丁
感化,感化,丁
感慨,感慨,丁
感染,感染,丁
綱,纲,丁
綱要,纲要,丁
鋼材,钢材,丁
鋼琴,钢琴,丁
槓桿,杠杆,丁
高產,高产,丁
高超,高超,丁
高檔,高档,丁
高低,高低,丁
高貴,高贵,丁
高考,高考,丁
高空,高空,丁
高明,高明,丁
高燒,高烧,丁
高溫,高温,丁
高血壓,高血压,丁
高漲,高涨,丁
搞鬼,搞鬼,丁
搞活,搞活,丁
稿件,稿件,丁
稿紙,稿纸,丁
稿子,稿子,丁
告誡,告诫,丁
告狀,告状,丁
疙瘩,疙瘩,丁
歌手,歌手,丁
歌星,歌星,丁
歌詠,歌咏,丁
格,格,丁
格格不入,格格不入,丁
格局,格局,丁
格式,格式,丁
隔絕,隔绝,丁
隔離,隔离,丁
各奔前程,各奔前程,丁
各別,各别,丁
各界,各界,丁
各行各業,各行各业,丁
根據地,根据地,丁
根深蒂固,根深蒂固,丁
跟隨,跟随,丁
跟頭,跟头,丁
跟蹤,跟踪,丁
更改,更改,丁
更換,更换,丁
更新,更新,丁
更正,更正,丁
耕,耕,丁
耕種,耕种,丁
梗,梗,丁
工,工,丁
工具書,工具书,丁
工人階級,工人阶级,丁
工事,工事,丁
公報,公报,丁
公尺,公尺,丁
公道,公道,丁
公分,公分,丁
公告,公告,丁
公關,公关,丁
公平,公平,丁
公然,公然,丁
公認,公认,丁
公社,公社,丁
公務,公务,丁
公有,公有,丁
公有製,公有制,丁
公約,公约,丁
公債,公债,丁
公證,公证,丁
功,功,丁
功績,功绩,丁
功效,功效,丁
攻讀,攻读,丁
攻關,攻关,丁
供不應求,供不应求,丁
供銷,供销,丁
恭敬,恭敬,丁
汞,汞,丁
拱,拱,丁
共產主義,共产主义,丁
共計,共计,丁
共鳴,共鸣,丁
共性,共性,丁
勾,勾,丁
溝通,沟通,丁
構成,构成,丁
構思,构思,丁
構想,构想,丁
姑且,姑且,丁
孤單,孤单,丁
孤獨,孤独,丁
古怪,古怪,丁
古人,古人,丁
古文,古文,丁
股東,股东,丁
股份,股份,丁
股票,股票,丁
骨,骨,丁
骨肉,骨肉,丁
鼓,鼓,丁
鼓吹,鼓吹,丁
固有,固有,丁
固執,固执,丁
故,故,丁
故宮,故宫,丁
故障,故障,丁
顧不得,顾不得,丁
顧慮,顾虑,丁
顧全大局,顾全大局,丁
僱佣,雇佣,丁
雇員,雇员,丁
瓜分,瓜分,丁
掛鉤,挂钩,丁
掛念,挂念,丁
關閉,关闭,丁
關節炎,关节炎,丁
關切,关切,丁
觀光,观光,丁
觀賞,观赏,丁
官方,官方,丁
官僚,官僚,丁
官員,官员,丁
棺材,棺材,丁
管轄,管辖,丁
慣例,惯例,丁
慣用語,惯用语,丁
灌木,灌木,丁
光棍兒,光棍儿,丁
光亮,光亮,丁
光芒,光芒,丁
歸根到底,归根到底,丁
歸還,归还,丁
歸結,归结,丁
歸納,归纳,丁
龜,龟,丁
規範,规范,丁
規格,规格,丁
規章,规章,丁
閨女,闺女,丁
矽,硅,丁
鬼子,鬼子,丁
貴重,贵重,丁
貴族,贵族,丁
桂冠,桂冠,丁
滾動,滚动,丁
國產,国产,丁
國法,国法,丁
國會,国会,丁
國際法,国际法,丁
國際主義,国际主义,丁
國庫券,国库券,丁
國力,国力,丁
國民,国民,丁
國情,国情,丁
國土,国土,丁
國有,国有,丁
果斷,果断,丁
過度,过度,丁
過後,过后,丁
過濾,过滤,丁
過失,过失,丁
過問,过问,丁
過於,过于,丁
海岸,海岸,丁
海濱,海滨,丁
海港,海港,丁
海外,海外,丁
害羞,害羞,丁
含義,含义,丁
含有,含有,丁
函授,函授,丁
寒,寒,丁
寒暄,寒暄,丁
罕見,罕见,丁
漢奸,汉奸,丁
漢學,汉学,丁
旱災,旱灾,丁
捍衛,捍卫,丁
航班,航班,丁
航道,航道,丁
航海,航海,丁
航天,航天,丁
航線,航线,丁
航運,航运,丁
豪華,豪华,丁
好多,好多,丁
好感,好感,丁
好壞,好坏,丁
好客,好客,丁
好說,好说,丁
好樣的,好样的,丁
好在,好在,丁
好轉,好转,丁
號稱,号称,丁
浩浩蕩蕩,浩浩荡荡,丁
耗費,耗费,丁
禾苗,禾苗,丁
合併,合并,丁
合乎,合乎,丁
合夥,合伙,丁
合情合理,合情合理,丁
合營,合营,丁
合資,合资,丁
何,何,丁
何等,何等,丁
和藹,和蔼,丁
和解,和解,丁
和睦,和睦,丁
和平共處,和平共处,丁
和氣,和气,丁
和尚,和尚,丁
和諧,和谐,丁
和約,和约,丁
河道,河道,丁
核桃,核桃,丁
核武器,核武器,丁
核心,核心,丁
荷花,荷花,丁
賀詞,贺词,丁
黑白,黑白,丁
狠毒,狠毒,丁
狠心,狠心,丁
恆星,恒星,丁
橫,横,丁
橫行,横行,丁
轟動,轰动,丁
轟轟烈烈,轰轰烈烈,丁
轟炸,轰炸,丁
哄,哄,丁
哄,哄,丁
烘,烘,丁
紅領巾,红领巾,丁
宏大,宏大,丁
虹,虹,丁
後期,后期,丁
後勤,后勤,丁
後台]] or [[後臺,后台,丁
濃度,厚度,丁
候補,候补,丁
候選人,候选人,丁
呼聲,呼声,丁
呼嘯,呼啸,丁
呼籲,呼吁,丁
忽略,忽略,丁
狐狸,狐狸,丁
胡,胡,丁
胡來,胡来,丁
葫蘆,葫芦,丁
糊,糊,丁
互利,互利,丁
戶口,户口,丁
花費,花费,丁
花色,花色,丁
花紋,花纹,丁
花樣,花样,丁
華麗,华丽,丁
化肥,化肥,丁
化纖,化纤,丁
化妝,化妆,丁
劃分,划分,丁
畫面,画面,丁
話題,话题,丁
懷孕,怀孕,丁
槐樹,槐树,丁
歡笑,欢笑,丁
還原,还原,丁
環節,环节,丁
緩,缓,丁
換取,换取,丁
患者,患者,丁
荒地,荒地,丁
荒涼,荒凉,丁
荒謬,荒谬,丁
荒唐,荒唐,丁
慌亂,慌乱,丁
慌張,慌张,丁
皇后,皇后,丁
黃金,黄金,丁
蝗蟲,蝗虫,丁
晃,晃,丁
揮霍,挥霍,丁
迴避,回避,丁
回顧,回顾,丁
回擊,回击,丁
回收,回收,丁
悔,悔,丁
悔改,悔改,丁
悔恨,悔恨,丁
匯集,汇集,丁
匯率,汇率,丁
會計,会计,丁
會同,会同,丁
會晤,会晤,丁
會員,会员,丁
繪,绘,丁
賄賂,贿赂,丁
毀壞,毁坏,丁
毀滅,毁灭,丁
混紡,混纺,丁
混合物,混合物,丁
混濁,混浊,丁
豁,豁,丁
活力,活力,丁
火山,火山,丁
火災,火灾,丁
伙,伙,丁
伙計,伙计,丁
或是,或是,丁
或許,或许,丁
獲取,获取,丁
禍,祸,丁
禍害,祸害,丁
譏笑,讥笑,丁
擊,击,丁
機車,机车,丁
機靈,机灵,丁
機密,机密,丁
機槍,机枪,丁
機體,机体,丁
機遇,机遇,丁
機智,机智,丁
跡象,迹象,丁
積,积,丁
積壓,积压,丁
基督教,基督教,丁
基金,基金,丁
激,激,丁
激發,激发,丁
鐳射,激光,丁
激勵,激励,丁
激情,激情,丁
及早,及早,丁
吉普車,吉普车,丁
吉祥,吉祥,丁
即便,即便,丁
極度,极度,丁
極力,极力,丁
極限,极限,丁
急劇,急剧,丁
急切,急切,丁
急需,急需,丁
急於,急于,丁
集會,集会,丁
市集,集市,丁
集郵,集邮,丁
集資,集资,丁
嫉妒,嫉妒,丁
籍貫,籍贯,丁
幾何,几何,丁
脊梁,脊梁,丁
計較,计较,丁
記號,记号,丁
記性,记性,丁
記憶力,记忆力,丁
紀要,纪要,丁
忌,忌,丁
季度,季度,丁
繼,继,丁
寂靜,寂静,丁
寄托,寄托,丁
加班,加班,丁
加急,加急,丁
加劇,加剧,丁
加熱,加热,丁
加深,加深,丁
加重,加重,丁
夾雜,夹杂,丁
家長,家长,丁
家常,家常,丁
家務,家务,丁
家畜,家畜,丁
家喻戶曉,家喻户晓,丁
嘉獎,嘉奖,丁
頰,颊,丁
甲板,甲板,丁
駕,驾,丁
假定,假定,丁
假冒,假冒,丁
假設,假设,丁
假裝,假装,丁
奸,奸,丁
尖端,尖端,丁
堅韌,坚韧,丁
堅實,坚实,丁
堅信,坚信,丁
堅貞不屈,坚贞不屈,丁
間隔,间隔,丁
間接,间接,丁
肩膀,肩膀,丁
艱險,艰险,丁
兼任,兼任,丁
監察,监察,丁
繭,茧,丁
減產,减产,丁
減低,减低,丁
減弱,减弱,丁
剪彩,剪彩,丁
剪刀,剪刀,丁
檢測,检测,丁
檢察,检察,丁
檢舉,检举,丁
檢修,检修,丁
簡稱,简称,丁
簡短,简短,丁
簡化,简化,丁
簡陋,简陋,丁
簡明,简明,丁
簡體字,简体字,丁
簡要,简要,丁
簡易,简易,丁
見識,见识,丁
見效,见效,丁
建交,建交,丁
健美,健美,丁
健壯,健壮,丁
踐踏,践踏,丁
鑑別,鉴别,丁
鑑於,鉴于,丁
鍵盤,键盘,丁
姜,姜,丁
將近,将近,丁
講解,讲解,丁
講理,讲理,丁
講述,讲述,丁
講演,讲演,丁
獎品,奖品,丁
獎狀,奖状,丁
槳,桨,丁
降價,降价,丁
降臨,降临,丁
降落,降落,丁
交叉,交叉,丁
交錯,交错,丁
交點,交点,丁
交付,交付,丁
交涉,交涉,丁
交手,交手,丁
交替,交替,丁
交往,交往,丁
嬌,娇,丁
嬌氣,娇气,丁
澆灌,浇灌,丁
膠,胶,丁
膠片,胶片,丁
焦點,焦点,丁
焦炭,焦炭,丁
絞,绞,丁
攪拌,搅拌,丁
繳,缴,丁
繳納,缴纳,丁
叫喊,叫喊,丁
叫喚,叫唤,丁
叫嚷,叫嚷,丁
轎車,轿车,丁
較量,较量,丁
教會,教会,丁
教唆,教唆,丁
教條,教条,丁
教養,教养,丁
皆,皆,丁
交棒,接班,丁
接二連三,接二连三,丁
接洽,接洽,丁
接收,接收,丁
揭發,揭发,丁
揭示,揭示,丁
街坊,街坊,丁
街頭,街头,丁
節能,节能,丁
節育,节育,丁
節奏,节奏,丁
劫,劫,丁
劫持,劫持,丁
傑出,杰出,丁
傑作,杰作,丁
結果,结果,丁
結晶,结晶,丁
結局,结局,丁
結算,结算,丁
結業,结业,丁
截止,截止,丁
解除,解除,丁
解雇,解雇,丁
解散,解散,丁
戒嚴,戒严,丁
界,界,丁
界限,界限,丁
借鏡,借鉴,丁
借助,借助,丁
金額,金额,丁
金黃,金黄,丁
金牌,金牌,丁
金錢,金钱,丁
金融,金融,丁
津津有味,津津有味,丁
津貼,津贴,丁
筋,筋,丁
緊迫,紧迫,丁
緊縮,紧缩,丁
錦繡,锦绣,丁
盡快,尽快,丁
勁頭,劲头,丁
近年,近年,丁
近期,近期,丁
近視,近视,丁
近似,近似,丁
進程,进程,丁
進而,进而,丁
進取,进取,丁
進展,进展,丁
晉升,晋升,丁
禁,禁,丁
禁區,禁区,丁
經典,经典,丁
經商,经商,丁
經受,经受,丁
經銷,经销,丁
莖,茎,丁
驚慌,惊慌,丁
兢兢業業,兢兢业业,丁
精打細算,精打细算,丁
精華,精华,丁
精簡,精简,丁
精美,精美,丁
精密,精密,丁
精確,精确,丁
精通,精通,丁
精心,精心,丁
精益求精,精益求精,丁
頸,颈,丁
景,景,丁
警戒,警戒,丁
警衛,警卫,丁
淨化,净化,丁
競選,竞选,丁
敬,敬,丁
敬而遠之,敬而远之,丁
境地,境地,丁
境界,境界,丁
靜悄悄,静悄悄,丁
鏡頭,镜头,丁
糾紛,纠纷,丁
玖,玖,丁
酒會,酒会,丁
酒精,酒精,丁
救濟,救济,丁
救災,救灾,丁
就餐,就餐,丁
就地,就地,丁
就近,就近,丁
就算,就算,丁
就業,就业,丁
就職,就职,丁
居,居,丁
居室,居室,丁
拘留,拘留,丁
拘束,拘束,丁
鞠躬,鞠躬,丁
局勢,局势,丁
局限,局限,丁
菊花,菊花,丁
舉動,举动,丁
舉世聞名,举世闻名,丁
舉世矚目,举世瞩目,丁
拒,拒,丁
具,具,丁
劇本,剧本,丁
劇團,剧团,丁
據點,据点,丁
據悉,据悉,丁
鋸,锯,丁
聚會,聚会,丁
捐,捐,丁
捐款,捐款,丁
捐獻,捐献,丁
捐贈,捐赠,丁
決不,决不,丁
決策,决策,丁
決賽,决赛,丁
決算,决算,丁
決戰,决战,丁
絕望,绝望,丁
絕緣,绝缘,丁
覺察,觉察,丁
覺醒,觉醒,丁
掘,掘,丁
嚼,嚼,丁
軍閥,军阀,丁
軍醫,军医,丁
軍用,军用,丁
軍裝,军装,丁
君,君,丁
菌,菌,丁
俊,俊,丁
卡,卡,丁
卡片,卡片,丁
開採,开采,丁
開刀,开刀,丁
開工,开工,丁
開關,开关,丁
開化,开化,丁
開墾,开垦,丁
開闊,开阔,丁
開朗,开朗,丁
開天辟地,开天辟地,丁
開頭,开头,丁
開拓,开拓,丁
開心,开心,丁
開支,开支,丁
凱旋,凯旋,丁
刊登,刊登,丁
勘探,勘探,丁
看待,看待,丁
看起來,看起来,丁
看望,看望,丁
看作,看作,丁
慷慨,慷慨,丁
糠,糠,丁
抗旱,抗旱,丁
抗擊,抗击,丁
抗戰,抗战,丁
炕,炕,丁
考古,考古,丁
考核,考核,丁
考取,考取,丁
科目,科目,丁
顆粒,颗粒,丁
磕,磕,丁
可惡,可恶,丁
可歌可泣,可歌可泣,丁
可觀,可观,丁
可貴,可贵,丁
可口,可口,丁
可喜,可喜,丁
可想而知,可想而知,丁
客車,客车,丁
課時,课时,丁
課題,课题,丁
懇切,恳切,丁
懇求,恳求,丁
啃,啃,丁
空白,空白,丁
空調,空调,丁
空洞,空洞,丁
空話,空话,丁
空隙,空隙,丁
空想,空想,丁
空心,空心,丁
空虛,空虚,丁
孔雀,孔雀,丁
恐懼,恐惧,丁
控訴,控诉,丁
摳,抠,丁
口岸,口岸,丁
口腔,口腔,丁
枯燥,枯燥,丁
苦難,苦难,丁
苦惱,苦恼,丁
庫,库,丁
庫存,库存,丁
庫房,库房,丁
誇獎,夸奖,丁
挎,挎,丁
快速,快速,丁
寬敞,宽敞,丁
寬大,宽大,丁
寬廣,宽广,丁
狂妄,狂妄,丁
曠工,旷工,丁
曠課,旷课,丁
礦藏,矿藏,丁
礦產,矿产,丁
礦井,矿井,丁
礦區,矿区,丁
礦山,矿山,丁
礦物,矿物,丁
框,框,丁
虧,亏,丁
虧待,亏待,丁
虧損,亏损,丁
葵花,葵花,丁
困苦,困苦,丁
擴充,扩充,丁
擴建,扩建,丁
擴散,扩散,丁
擴展,扩展,丁
擴張,扩张,丁
臘月,腊月,丁
來訪,来访,丁
來回來去,来回来去,丁
來看,来看,丁
來歷,来历,丁
來臨,来临,丁
來年,来年,丁
...來說...,...来说...,丁
賴,赖,丁
蘭花,兰花,丁
欄杆,栏杆,丁
懶惰,懒惰,丁
野狼狽,狼狈,丁
浪潮,浪潮,丁
浪漫,浪漫,丁
勞動力,劳动力,丁
牢房,牢房,丁
牢記,牢记,丁
老成,老成,丁
老漢,老汉,丁
老化,老化,丁
老家,老家,丁
老鼠,老鼠,丁
老太婆,老太婆,丁
老天爺,老天爷,丁
老爺,老爷,丁
老一輩,老一辈,丁
潦草,潦草,丁
澇,涝,丁
樂隊,乐队,丁
樂曲,乐曲,丁
樂趣,乐趣,丁
樂意,乐意,丁
勒,勒,丁
雷達,雷达,丁
雷雨,雷雨,丁
壘,垒,丁
棱,棱,丁
冷淡,冷淡,丁
離別,离别,丁
離休,离休,丁
犁,犁,丁
籬笆,篱笆,丁
禮節,礼节,丁
禮品,礼品,丁
理睬,理睬,丁
理會,理会,丁
理事,理事,丁
理所當然,理所当然,丁
理直氣壯,理直气壮,丁
力圖,力图,丁
歷代,历代,丁
歷來,历来,丁
厲害,厉害,丁
立方米,立方米,丁
高架道路,立交桥,丁
立體,立体,丁
利弊,利弊,丁
利息,利息,丁
瀝青,沥青,丁
例外,例外,丁
荔枝,荔枝,丁
栗子,栗子,丁
連...帶...,连...带...,丁
連隊,连队,丁
連滾帶爬,连滚带爬,丁
連連,连连,丁
連綿,连绵,丁
連年,连年,丁
連同,连同,丁
連續劇,连续剧,丁
連夜,连夜,丁
帘,帘,丁
蓮子,莲子,丁
聯,联,丁
聯邦,联邦,丁
聯想,联想,丁
廉價,廉价,丁
廉潔,廉洁,丁
廉政,廉政,丁
鐮刀,镰刀,丁
臉盆,脸盆,丁
練兵,练兵,丁
戀,恋,丁
鏈子,链子,丁
良,良,丁
良種,良种,丁
梁,梁,丁
糧票,粮票,丁
兩極,两极,丁
兩口子,两口子,丁
兩手,两手,丁
亮光,亮光,丁
晾,晾,丁
遼闊,辽阔,丁
療效,疗效,丁
療養,疗养,丁
列舉,列举,丁
列入,列入,丁
列席,列席,丁
劣,劣,丁
烈火,烈火,丁
鄰,邻,丁
鄰國,邻国,丁
林場,林场,丁
林區,林区,丁
林業,林业,丁
臨床,临床,丁
臨近,临近,丁
磷,磷,丁
伶俐,伶俐,丁
靈,灵,丁
靈敏,灵敏,丁
靈巧,灵巧,丁
嶺,岭,丁
玲瓏,玲珑,丁
凌晨,凌晨,丁
零售,零售,丁
零碎,零碎,丁
零星,零星,丁
領事,领事,丁
領先,领先,丁
領子,领子,丁
流寇,流寇,丁
流浪,流浪,丁
流露,流露,丁
流通,流通,丁
留戀,留恋,丁
留神,留神,丁
留心,留心,丁
留意,留意,丁
硫酸,硫酸,丁
龍頭,龙头,丁
聾,聋,丁
隆重,隆重,丁
漏稅,漏税,丁
陸,陆,丁
錄取,录取,丁
錄用,录用,丁
鹿,鹿,丁
路程,路程,丁
路面,路面,丁
路子,路子,丁
旅,旅,丁
旅店,旅店,丁
旅遊,旅游,丁
旅遊業,旅游业,丁
屢次,屡次,丁
履行,履行,丁
律師,律师,丁
率,率,丁
綠化,绿化,丁
亂七八糟,乱七八糟,丁
略微,略微,丁
掄,抡,丁
論點,论点,丁
論述,论述,丁
論證,论证,丁
羅列,罗列,丁
羅唆,罗唆,丁
籮筐,箩筐,丁
騾子,骡子,丁
螺絲釘,螺丝钉,丁
落成,落成,丁
落地,落地,丁
落實,落实,丁
落選,落选,丁
麻,麻,丁
麻痺,麻痹,丁
麻袋,麻袋,丁
麻木,麻木,丁
麻雀,麻雀,丁
麻醉,麻醉,丁
馬車,马车,丁
馬達,马达,丁
馬力,马力,丁
馬鈴薯,马铃薯,丁
馬戲,马戏,丁
螞蟻,蚂蚁,丁
埋沒,埋没,丁
埋頭,埋头,丁
埋怨,埋怨,丁
賣國,卖国,丁
脈搏,脉搏,丁
滿懷,满怀,丁
盈月,满月,丁
慢性,慢性,丁
蔓延,蔓延,丁
忙碌,忙碌,丁
盲從,盲从,丁
盲人,盲人,丁
茫茫,茫茫,丁
茫然,茫然,丁
茂密,茂密,丁
茂盛,茂盛,丁
冒進,冒进,丁
冒牌,冒牌,丁
冒險,冒险,丁
沒吃沒穿,没吃没穿,丁
沒轍,没辙,丁
枚,枚,丁
玫瑰,玫瑰,丁
媒介,媒介,丁
霉,霉,丁
美德,美德,丁
美國,美国,丁
美滿,美满,丁
美妙,美妙,丁
美中不足,美中不足,丁
鎂,镁,丁
門當戶對,门当户对,丁
門市部,门市部,丁
萌芽,萌芽,丁
彌補,弥补,丁
彌漫,弥漫,丁
迷惑,迷惑,丁
迷失,迷失,丁
密度,密度,丁
密封,密封,丁
棉,棉,丁
免,免,丁
免除,免除,丁
免費,免费,丁
勉勵,勉励,丁
中型轎車,面包车,丁
面面俱到,面面俱到,丁
面目,面目,丁
面容,面容,丁
面子,面子,丁
描,描,丁
描繪,描绘,丁
描述,描述,丁
渺小,渺小,丁
蔑視,蔑视,丁
民航,民航,丁
民事,民事,丁
民意,民意,丁
民眾,民众,丁
敏感,敏感,丁
敏銳,敏锐,丁
名稱,名称,丁
名次,名次,丁
名單,名单,丁
名額,名额,丁
名副其實,名副其实,丁
名貴,名贵,丁
名牌,名牌,丁
名人,名人,丁
名聲,名声,丁
名義,名义,丁
名節,名誉,丁
明星,明星,丁
命名,命名,丁
命題,命题,丁
謬論,谬论,丁
摸索,摸索,丁
模式,模式,丁
膜,膜,丁
摩擦,摩擦,丁
蘑菇,蘑菇,丁
魔鬼,魔鬼,丁
魔術,魔术,丁
抹布,抹布,丁
抹殺,抹杀,丁
莫,莫,丁
莫名其妙,莫名其妙,丁
默默,默默,丁
謀,谋,丁
謀求,谋求,丁
木匠,木匠,丁
目,目,丁
目睹,目睹,丁
目錄,目录,丁
目中無人,目中无人,丁
牧區,牧区,丁
牧業,牧业,丁
穆民,穆斯林,丁
內地,内地,丁
內閣,内阁,丁
內幕,内幕,丁
內心,内心,丁
內行,内行,丁
內在,内在,丁
五內,内脏,丁
內戰,内战,丁
內政,内政,丁
那時,那时,丁
納悶兒,纳闷儿,丁
納稅,纳税,丁
乃,乃,丁
奶粉,奶粉,丁
耐力,耐力,丁
男性,男性,丁
難,难,丁
難度,难度,丁
難關,难关,丁
難堪,难堪,丁
難免,难免,丁
難民,难民,丁
惱火,恼火,丁
鬧事,闹事,丁
能手,能手,丁
尼龍,尼龙,丁
擬,拟,丁
擬定,拟定,丁
逆流,逆流,丁
年度,年度,丁
年頭兒,年头儿,丁
捻,捻,丁
攆,撵,丁
念頭,念头,丁
釀,酿,丁
尿,尿,丁
捏造,捏造,丁
寧靜,宁静,丁
寧肯,宁肯,丁
寧願,宁愿,丁
檸檬,柠檬,丁
凝固,凝固,丁
凝結,凝结,丁
凝視,凝视,丁
紐扣兒,纽扣儿,丁
農產品,农产品,丁
農戶,农户,丁
濃度,浓度,丁
濃濃,浓厚,丁
弄虛作假,弄虚作假,丁
奴役,奴役,丁
怒吼,怒吼,丁
怒火,怒火,丁
女性,女性,丁
挪,挪,丁
毆打,殴打,丁
嘔吐,呕吐,丁
拍照,拍照,丁
徘徊,徘徊,丁
排長,排长,丁
排除,排除,丁
排隊,排队,丁
排擠,排挤,丁
派別,派别,丁
派出所,派出所,丁
派遣,派遣,丁
盤旋,盘旋,丁
判處,判处,丁
判定,判定,丁
判決,判决,丁
叛變,叛变,丁
叛徒,叛徒,丁
龐大,庞大,丁
胖子,胖子,丁
拋棄,抛弃,丁
刨,刨,丁
砲火,炮火,丁
跑道,跑道,丁
泡沫,泡沫,丁
培養訓練,培训,丁
賠款,赔款,丁
配備,配备,丁
配方,配方,丁
配偶,配偶,丁
配套,配套,丁
噴射,喷射,丁
烹調,烹调,丁
烹飪,烹饪,丁
批發,批发,丁
批覆,批复,丁
批改,批改,丁
批示,批示,丁
坯,坯,丁
劈,劈,丁
皮帶,皮带,丁
皮革,皮革,丁
疲憊,疲惫,丁
疲乏,疲乏,丁
屁,屁,丁
片刻,片刻,丁
偏差,偏差,丁
偏見,偏见,丁
偏僻,偏僻,丁
偏向,偏向,丁
漂,漂,丁
撇,撇,丁
瞥,瞥,丁
拼搏,拼搏,丁
貧,贫,丁
貧乏,贫乏,丁
貧困,贫困,丁
貧民,贫民,丁
頻繁,频繁,丁
頻率,频率,丁
品,品,丁
品嘗,品尝,丁
品行,品行,丁
聘,聘,丁
聘請,聘请,丁
聘任,聘任,丁
聘用,聘用,丁
平面,平面,丁
平民,平民,丁
平日,平日,丁
平坦,平坦,丁
平穩,平稳,丁
平整,平整,丁
評比,评比,丁
評定,评定,丁
評估,评估,丁
評審,评审,丁
評選,评选,丁
屏障,屏障,丁
萍水相逢,萍水相逢,丁
頗,颇,丁
婆婆,婆婆,丁
迫使,迫使,丁
破除,破除,丁
破獲,破获,丁
破舊,破旧,丁
破裂,破裂,丁
破碎,破碎,丁
僕人,仆人,丁
撲克,扑克,丁
撲滅,扑灭,丁
葡萄糖,葡萄糖,丁
樸實,朴实,丁
普查,普查,丁
譜,谱,丁
譜曲,谱曲,丁
瀑布,瀑布,丁
七嘴八舌,七嘴八舌,丁
沏,沏,丁
柒,柒,丁
淒慘,凄惨,丁
淒涼,凄凉,丁
期待,期待,丁
期刊,期刊,丁
期望,期望,丁
期限,期限,丁
漆黑,漆黑,丁
齊全,齐全,丁
其間,其间,丁
奇花異草,奇花异草,丁
奇妙,奇妙,丁
奇特,奇特,丁
歧視,歧视,丁
旗號,旗号,丁
乞求,乞求,丁
豈不,岂不,丁
豈有此理,岂有此理,丁
啟程,启程,丁
啟示,启示,丁
啟事,启事,丁
起草,起草,丁
起點,起点,丁
起伏,起伏,丁
起鬨,起哄,丁
起勁,起劲,丁
起碼,起码,丁
起身,起身,丁
起訴,起诉,丁
氣喘,气喘,丁
氣功,气功,丁
氣力,气力,丁
氣流,气流,丁
氣魄,气魄,丁
氣球,气球,丁
氣勢,气势,丁
氣息,气息,丁
汽,汽,丁
砌,砌,丁
器,器,丁
器具,器具,丁
器械,器械,丁
掐,掐,丁
恰到好處,恰到好处,丁
恰巧,恰巧,丁
恰如其分,恰如其分,丁
洽談,洽谈,丁
千軍萬馬,千军万马,丁
千瓦,千瓦,丁
遷,迁,丁
遷就,迁就,丁
牽扯,牵扯,丁
牽引,牵引,丁
牽制,牵制,丁
謙遜,谦逊,丁
簽發,签发,丁
簽名,签名,丁
簽署,签署,丁
簽證,签证,丁
簽字,签字,丁
前輩,前辈,丁
前程,前程,丁
前赴後繼,前赴后继,丁
前景,前景,丁
前列,前列,丁
前期,前期,丁
前人,前人,丁
前所未有,前所未有,丁
前提,前提,丁
前往,前往,丁
前線,前线,丁
鉗子,钳子,丁
潛伏,潜伏,丁
潛力,潜力,丁
譴責,谴责,丁
嵌,嵌,丁
槍斃,枪毙,丁
腔,腔,丁
強化,强化,丁
強盛,强盛,丁
強製,强制,丁
搶劫,抢劫,丁
搶救,抢救,丁
鍬,锹,丁
喬裝,乔装,丁
僑胞,侨胞,丁
茄子,茄子,丁
竊取,窃取,丁
竊聽,窃听,丁
親筆,亲笔,丁
親密,亲密,丁
親身,亲身,丁
親生,亲生,丁
親手,亲手,丁
親友,亲友,丁
侵害,侵害,丁
侵蝕,侵蚀,丁
侵佔,侵占,丁
欽佩,钦佩,丁
芹菜,芹菜,丁
禽,禽,丁
勤,勤,丁
勤奮,勤奋,丁
勤工儉學,勤工俭学,丁
勤儉,勤俭,丁
勤懇,勤恳,丁
氫,氢,丁
輕便,轻便,丁
輕工業,轻工业,丁
輕快,轻快,丁
輕微,轻微,丁
傾聽,倾听,丁
傾斜,倾斜,丁
清查,清查,丁
清理,清理,丁
清新,清新,丁
清早,清早,丁
清真寺,清真寺,丁
蜻蜓,蜻蜓,丁
情感,情感,丁
情節,情节,丁
情理,情理,丁
晴朗,晴朗,丁
請柬,请柬,丁
請帖,请帖,丁
請願,请愿,丁
慶賀,庆贺,丁
窮苦,穷苦,丁
秋收,秋收,丁
求得,求得,丁
球隊,球队,丁
球迷,球迷,丁
區分,区分,丁
曲線,曲线,丁
曲子,曲子,丁
驅逐,驱逐,丁
屈服,屈服,丁
趨勢,趋势,丁
趨向,趋向,丁
取代,取代,丁
去世,去世,丁
圈,圈,丁
圈套,圈套,丁
全都,全都,丁
全會,全会,丁
全集,全集,丁
全力,全力,丁
全力以赴,全力以赴,丁
全民,全民,丁
全心全意,全心全意,丁
權,权,丁
威權,权威,丁
權限,权限,丁
權益,权益,丁
泉,泉,丁
犬,犬,丁
勸說,劝说,丁
勸阻,劝阻,丁
券,券,丁
缺口,缺口,丁
缺席,缺席,丁
缺陷,缺陷,丁
瘸,瘸,丁
確保,确保,丁
確立,确立,丁
確切,确切,丁
確認,确认,丁
確信,确信,丁
確鑿,确凿,丁
群體,群体,丁
燃,燃,丁
讓步,让步,丁
擾亂,扰乱,丁
熱潮,热潮,丁
熱淚盈眶,热泪盈眶,丁
人參,人参,丁
人道主義,人道主义,丁
人格,人格,丁
人均,人均,丁
人情,人情,丁
人權,人权,丁
人身,人身,丁
人生,人生,丁
人事,人事,丁
人為,人为,丁
人性,人性,丁
人質,人质,丁
仁慈,仁慈,丁
認定,认定,丁
認可,认可,丁
任命,任命,丁
日光,日光,丁
絨,绒,丁
榮譽,荣誉,丁
容積,容积,丁
容量,容量,丁
容納,容纳,丁
容忍,容忍,丁
溶,溶,丁
溶化,溶化,丁
溶解,溶解,丁
熔,熔,丁
融化,融化,丁
融洽,融洽,丁
柔和,柔和,丁
如意,如意,丁
如醉如痴,如醉如痴,丁
乳,乳,丁
入境,入境,丁
入口,入口,丁
入侵,入侵,丁
入手,入手,丁
入學,入学,丁
軟體,软件,丁
銳利,锐利,丁
瑞雪,瑞雪,丁
弱點,弱点,丁
撒謊,撒谎,丁
腮,腮,丁
三番五次,三番五次,丁
三角,三角,丁
三,叁,丁
散發,散发,丁
桑樹,桑树,丁
掃除,扫除,丁
殺害,杀害,丁
沙,沙,丁
沙灘,沙滩,丁
沙土,沙土,丁
剎車,刹车,丁
剎那,刹那,丁
砂,砂,丁
傻子,傻子,丁
篩,筛,丁
篩子,筛子,丁
山岡,山冈,丁
山溝,山沟,丁
山河,山河,丁
山腳,山脚,丁
山嶺,山岭,丁
山水,山水,丁
山頭,山头,丁
山腰,山腰,丁
珊瑚,珊瑚,丁
閃耀,闪耀,丁
陝,陕,丁
善,善,丁
善良,善良,丁
擅長,擅长,丁
擅自,擅自,丁
傷痕,伤痕,丁
傷員,伤员,丁
商,商,丁
商標,商标,丁
商榷,商榷,丁
商討,商讨,丁
商議,商议,丁
晌午,晌午,丁
賞,赏,丁
上報,上报,丁
上層,上层,丁
上等,上等,丁
上交,上交,丁
上進,上进,丁
上空,上空,丁
上任,上任,丁
上訴,上诉,丁
上台,上台,丁
上漲,上涨,丁
尚,尚,丁
捎,捎,丁
梢,梢,丁
燒餅,烧饼,丁
燒毀,烧毁,丁
少量,少量,丁
少數民族,少数民族,丁
哨,哨,丁
奢侈,奢侈,丁
舍,舍,丁
設立,设立,丁
設施,设施,丁
設定,设置,丁
社,社,丁
社員,社员,丁
涉及,涉及,丁
涉外,涉外,丁
攝,摄,丁
申報,申报,丁
申述,申述,丁
伸手,伸手,丁
伸展,伸展,丁
呻吟,呻吟,丁
紳士,绅士,丁
深奧,深奥,丁
深沉,深沉,丁
深處,深处,丁
深化,深化,丁
深淺,深浅,丁
深切,深切,丁
深情,深情,丁
深信,深信,丁
深遠,深远,丁
深重,深重,丁
神奇,神奇,丁
神色,神色,丁
神態,神态,丁
神仙,神仙,丁
審,审,丁
審定,审定,丁
審理,审理,丁
審美,审美,丁
審判,审判,丁
審核批示,审批,丁
審訊,审讯,丁
審議,审议,丁
腎炎,肾炎,丁
滲,渗,丁
滲透,渗透,丁
升學,升学,丁
生產力,生产力,丁
生產率,生产率,丁
生機,生机,丁
生命力,生命力,丁
生怕,生怕,丁
生前,生前,丁
生人,生人,丁
生疏,生疏,丁
生態,生态,丁
生效,生效,丁
生育,生育,丁
生殖,生殖,丁
聲勢,声势,丁
聲譽,声誉,丁
牲口,牲口,丁
牲畜,牲畜,丁
省會,省会,丁
省略,省略,丁
盛,盛,丁
盛產,盛产,丁
盛大,盛大,丁
盛開,盛开,丁
盛情,盛情,丁
盛行,盛行,丁
尸體,尸体,丁
失,失,丁
失事,失事,丁
失誤,失误,丁
失效,失效,丁
失學,失学,丁
失約,失约,丁
失蹤,失踪,丁
師,师,丁
師長,师长,丁
詩歌,诗歌,丁
施,施,丁
施肥,施肥,丁
施加,施加,丁
施行,施行,丁
施展,施展,丁
濕度,湿度,丁
十全十美,十全十美,丁
十足,十足,丁
鍛石,石灰,丁
時,时,丁
時而,时而,丁
時光,时光,丁
時髦,时髦,丁
時事,时事,丁
時裝,时装,丁
識,识,丁
識別,识别,丁
實,实,丁
實惠,实惠,丁
實力,实力,丁
實體,实体,丁
實物,实物,丁
拾,拾,丁
食,食,丁
食用,食用,丁
食慾,食欲,丁
史,史,丁
史料,史料,丁
使節,使节,丁
使命,使命,丁
始,始,丁
屎,屎,丁
世,世,丁
世代,世代,丁
世界觀,世界观,丁
市民,市民,丁
示範,示范,丁
示意圖,示意图,丁
式,式,丁
式樣,式样,丁
事變,事变,丁
事例,事例,丁
事態,事态,丁
事項,事项,丁
侍候,侍候,丁
勢必,势必,丁
視,视,丁
視察,视察,丁
視覺,视觉,丁
視力,视力,丁
視線,视线,丁
視野,视野,丁
試行,试行,丁
試用,试用,丁
試製,试制,丁
釋放,释放,丁
誓言,誓言,丁
收藏,收藏,丁
收成,收成,丁
收復,收复,丁
收購,收购,丁
收回,收回,丁
收買,收买,丁
收益,收益,丁
收支,收支,丁
手電筒,手电筒,丁
手法,手法,丁
手榴彈,手榴弹,丁
手藝,手艺,丁
手指,手指,丁
守法,守法,丁
守衛,守卫,丁
長官,首长,丁
首創,首创,丁
首領,首领,丁
首腦,首脑,丁
首席,首席,丁
首相,首相,丁
首要,首要,丁
受傷,受伤,丁
授,授,丁
授予,授予,丁
瘦子,瘦子,丁
書法,书法,丁
書刊,书刊,丁
書面,书面,丁
書寫,书写,丁
書信,书信,丁
舒展,舒展,丁
輸出,输出,丁
輸入,输入,丁
輸送,输送,丁
樹幹,树干,丁
豎,竖,丁
數額,数额,丁
衰老,衰老,丁
衰退,衰退,丁
帥,帅,丁
爽快,爽快,丁
水產,水产,丁
水電,水电,丁
水土,水土,丁
水源,水源,丁
水災,水灾,丁
水蒸氣,水蒸气,丁
稅收,税收,丁
順序,顺序,丁
說謊,说谎,丁
說情,说情,丁
司法,司法,丁
司令部,司令部,丁
私營,私营,丁
私有製,私有制,丁
私自,私自,丁
思,思,丁
思潮,思潮,丁
思前想後,思前想后,丁
思緒,思绪,丁
斯文,斯文,丁
死刑,死刑,丁
四方,四方,丁
四季,四季,丁
四肢,四肢,丁
寺,寺,丁
似,似,丁
似是而非,似是而非,丁
似笑非笑,似笑非笑,丁
飼料,饲料,丁
肆,肆,丁
聳,耸,丁
搜,搜,丁
搜查,搜查,丁
搜索,搜索,丁
甦醒,苏醒,丁
俗,俗,丁
訴訟,诉讼,丁
肅清,肃清,丁
素,素,丁
素質,素质,丁
塑造,塑造,丁
蒜,蒜,丁
算盤,算盘,丁
算術,算术,丁
雖然,虽然,丁
隨意,随意,丁
隨著,随着,丁
歲月,岁月,丁
隧道,隧道,丁
穗,穗,丁
損,损,丁
損耗,损耗,丁
損人利己,损人利己,丁
損傷,损伤,丁
筍,笋,丁
所得,所得,丁
所得稅,所得税,丁
所有權,所有权,丁
所有製,所有制,丁
所屬,所属,丁
索性,索性,丁
他人,他人,丁
颱風,台风,丁
台階,台阶,丁
太空,太空,丁
太平,太平,丁
太陽能,太阳能,丁
泰然,泰然,丁
貪,贪,丁
貪污,贪污,丁
癱瘓,瘫痪,丁
壇,坛,丁
談天,谈天,丁
痰,痰,丁
潭,潭,丁
坦白,坦白,丁
嘆,叹,丁
炭,炭,丁
探測,探测,丁
探親,探亲,丁
探討,探讨,丁
探頭探腦,探头探脑,丁
探望,探望,丁
塘,塘,丁
糖果,糖果,丁
滔滔不絕,滔滔不绝,丁
逃荒,逃荒,丁
逃跑,逃跑,丁
逃走,逃走,丁
桃花,桃花,丁
陶瓷,陶瓷,丁
淘氣,淘气,丁
淘汰,淘汰,丁
討,讨,丁
討價還價,讨价还价,丁
特產,特产,丁
特地,特地,丁
特定,特定,丁
特區,特区,丁
特權,特权,丁
特色,特色,丁
特性,特性,丁
特意,特意,丁
騰,腾,丁
藤,藤,丁
提案,提案,丁
提拔,提拔,丁
提交,提交,丁
提煉,提炼,丁
提名,提名,丁
提取,提取,丁
提升,提升,丁
提示,提示,丁
懸心吊膽,提心吊胆,丁
提要,提要,丁
提早,提早,丁
題材,题材,丁
體,体,丁
體諒,体谅,丁
體貼,体贴,丁
體驗,体验,丁
體制,体制,丁
體質,体质,丁
體重,体重,丁
剃,剃,丁
替代,替代,丁
替換,替换,丁
天長地久,天长地久,丁
天地,天地,丁
天色,天色,丁
天生,天生,丁
天堂,天堂,丁
天線,天线,丁
田間,田间,丁
田徑,田径,丁
填補,填补,丁
填寫,填写,丁
挑,挑,丁
挑撥,挑拨,丁
挑釁,挑衅,丁
挑戰,挑战,丁
條款,条款,丁
條理,条理,丁
條文,条文,丁
條子,条子,丁
跳高,跳高,丁
跳遠,跳远,丁
跳躍,跳跃,丁
鐵道,铁道,丁
鐵飯碗,铁饭碗,丁
聽話,听话,丁
聽取,听取,丁
聽眾,听众,丁
停泊,停泊,丁
停頓,停顿,丁
停滯,停滞,丁
挺拔,挺拔,丁
挺立,挺立,丁
艇,艇,丁
通報,通报,丁
通道,通道,丁
通風,通风,丁
通告,通告,丁
通航,通航,丁
通紅,通红,丁
通貨膨脹,通货膨胀,丁
通商,通商,丁
通俗,通俗,丁
通行,通行,丁
新聞社,通讯社,丁
通用,通用,丁
同步,同步,丁
同等,同等,丁
同類,同类,丁
同年,同年,丁
同期,同期,丁
同事,同事,丁
同行,同行,丁
同一,同一,丁
童年,童年,丁
統籌,统筹,丁
統戰,统战,丁
捅,捅,丁
痛恨,痛恨,丁
偷竊,偷窃,丁
偷稅,偷税,丁
頭子,头子,丁
投標,投标,丁
投產,投产,丁
拋放,投放,丁
投機倒把,投机倒把,丁
投票,投票,丁
投擲,投掷,丁
投資,投资,丁
透徹,透彻,丁
透明度,透明度,丁
凸,凸,丁
禿,秃,丁
圖案,图案,丁
圖表,图表,丁
圖片,图片,丁
圖象,图象,丁
圖形,图形,丁
圖紙,图纸,丁
屠殺,屠杀,丁
團聚,团聚,丁
團圓,团圆,丁
推測,推测,丁
推來推去,推来推去,丁
推理,推理,丁
推論,推论,丁
推算,推算,丁
推銷,推销,丁
推行,推行,丁
推選,推选,丁
退出,退出,丁
退還,退还,丁
屯,屯,丁
拖延,拖延,丁
脫落,脱落,丁
妥,妥,丁
妥善,妥善,丁
妥協,妥协,丁
橢圓,椭圆,丁
唾沫,唾沫,丁
挖掘,挖掘,丁
瓦解,瓦解,丁
外表,外表,丁
外賓,外宾,丁
外出,外出,丁
外電,外电,丁
外觀,外观,丁
外匯,外汇,丁
外力,外力,丁
外流,外流,丁
外婆,外婆,丁
外事,外事,丁
外向型,外向型,丁
外行,外行,丁
外形,外形,丁
外資,外资,丁
灣,湾,丁
豌豆,豌豆,丁
完畢,完毕,丁
完蛋,完蛋,丁
玩具,玩具,丁
玩弄,玩弄,丁
晚餐,晚餐,丁
晚年,晚年,丁
惋惜,惋惜,丁
萬水千山,万水千山,丁
汪洋,汪洋,丁
亡,亡,丁
王,王,丁
王國,王国,丁
往常,往常,丁
往返,往返,丁
往後,往后,丁
往年,往年,丁
往日,往日,丁
往事,往事,丁
妄圖,妄图,丁
妄想,妄想,丁
忘卻,忘却,丁
望遠鏡,望远镜,丁
危急,危急,丁
威風,威风,丁
威力,威力,丁
威望,威望,丁
威信,威信,丁
微不足道,微不足道,丁
微觀,微观,丁
為何,为何,丁
為期,为期,丁
圍攻,围攻,丁
圍棋,围棋,丁
違法,违法,丁
違犯,违犯,丁
桅杆,桅杆,丁
唯物論,唯物论,丁
唯物主義,唯物主义,丁
唯心論,唯心论,丁
唯心主義,唯心主义,丁
惟獨,惟独,丁
惟一,惟一,丁
維修,维修,丁
偽造,伪造,丁
尾,尾,丁
未免,未免,丁
畏,畏,丁
畏懼,畏惧,丁
溫度計,温度计,丁
溫柔,温柔,丁
瘟疫,瘟疫,丁
文,文,丁
文盲,文盲,丁
文憑,文凭,丁
文人,文人,丁
文獻,文献,丁
文雅,文雅,丁
文言,文言,丁
穩當,稳当,丁
穩妥,稳妥,丁
問答,问答,丁
問世,问世,丁
窩,窝,丁
窩囊,窝囊,丁
臥室,卧室,丁
烏鴉,乌鸦,丁
烏雲,乌云,丁
污蔑,污蔑,丁
嗚咽,呜咽,丁
巫婆,巫婆,丁
誣陷,诬陷,丁
無償,无偿,丁
無恥,无耻,丁
無從,无从,丁
無非,无非,丁
無話可說,无话可说,丁
無可奉告,无可奉告,丁
無理,无理,丁
無聊,无聊,丁
無能為力,无能为力,丁
無情無義,无情无义,丁
無窮,无穷,丁
無所作為,无所作为,丁
無微不至,无微不至,丁
無效,无效,丁
無意,无意,丁
無知,无知,丁
梧桐,梧桐,丁
伍,伍,丁
武力,武力,丁
舞,舞,丁
舞廳,舞厅,丁
勿,勿,丁
務必,务必,丁
物,物,丁
物力,物力,丁
誤差,误差,丁
誤解,误解,丁
悟,悟,丁
吸毒,吸毒,丁
溪,溪,丁
熄,熄,丁
熄滅,熄灭,丁
膝蓋,膝盖,丁
習俗,习俗,丁
習題,习题,丁
席,席,丁
席位,席位,丁
洗滌,洗涤,丁
喜,喜,丁
喜鵲,喜鹊,丁
喜事,喜事,丁
喜訊,喜讯,丁
系列,系列,丁
細節,细节,丁
細小,细小,丁
峽,峡,丁
狹隘,狭隘,丁
狹窄,狭窄,丁
霞,霞,丁
下達,下达,丁
下放,下放,丁
下級,下级,丁
下令,下令,丁
下落,下落,丁
下台,下台,丁
下鄉,下乡,丁
廈,厦,丁
仙女,仙女,丁
先鋒,先锋,丁
先前,先前,丁
先行,先行,丁
掀起,掀起,丁
鮮紅,鲜红,丁
弦,弦,丁
賢惠,贤惠,丁
銜,衔,丁
銜接,衔接,丁
嫌疑,嫌疑,丁
顯,显,丁
顯而易見,显而易见,丁
顯微鏡,显微镜,丁
縣長,县长,丁
現場,现场,丁
現金,现金,丁
現錢,现钱,丁
現行,现行,丁
現狀,现状,丁
線索,线索,丁
限,限,丁
限度,限度,丁
限期,限期,丁
限於,限于,丁
陷害,陷害,丁
陷入,陷入,丁
餡,馅,丁
獻身,献身,丁
鄉親,乡亲,丁
相比,相比,丁
相差,相差,丁
相等,相等,丁
相符,相符,丁
相關,相关,丁
相繼,相继,丁
相交,相交,丁
相識,相识,丁
相通,相通,丁
相應,相应,丁
香味,香味,丁
鑲,镶,丁
享福,享福,丁
享樂,享乐,丁
享有,享有,丁
響聲,响声,丁
想方設法,想方设法,丁
向往,向往,丁
項鍊,项链,丁
像棋,像棋,丁
像樣,像样,丁
橡膠,橡胶,丁
橡皮,橡皮,丁
削減,削减,丁
削弱,削弱,丁
消,消,丁
銷,销,丁
銷毀,销毁,丁
銷路,销路,丁
銷售,销售,丁
小鬼,小鬼,丁
小米,小米,丁
小數,小数,丁
小數點,小数点,丁
小提琴,小提琴,丁
小心翼翼,小心翼翼,丁
小型,小型,丁
國小生,小学生,丁
小子,小子,丁
孝順,孝顺,丁
肖像,肖像,丁
效力,效力,丁
效益,效益,丁
校徽,校徽,丁
校園,校园,丁
協調,协调,丁
協商,协商,丁
協議,协议,丁
邪,邪,丁
挾持,挟持,丁
攜帶,携带,丁
泄,泄,丁
洩露,泄露,丁
洩氣,泄气,丁
瀉,泻,丁
屑,屑,丁
謝絕,谢绝,丁
心裡,心里,丁
心靈,心灵,丁
心目,心目,丁
心疼,心疼,丁
心頭,心头,丁
心血,心血,丁
心眼兒,心眼儿,丁
心愿,心愿,丁
心中,心中,丁
欣欣向榮,欣欣向荣,丁
鋅,锌,丁
新陳代謝,新陈代谢,丁
新房,新房,丁
新近,新近,丁
新郎,新郎,丁
新娘,新娘,丁
新人,新人,丁
新興,新兴,丁
新穎,新颖,丁
薪金,薪金,丁
信貸,信贷,丁
信件,信件,丁
信賴,信赖,丁
信仰,信仰,丁
信用,信用,丁
信譽,信誉,丁
興,兴,丁
興辦,兴办,丁
興建,兴建,丁
興起,兴起,丁
興旺,兴旺,丁
星,星,丁
腥,腥,丁
刑,刑,丁
刑場,刑场,丁
刑法,刑法,丁
刑事,刑事,丁
行程,行程,丁
行賄,行贿,丁
行徑,行径,丁
行軍,行军,丁
行使,行使,丁
形,形,丁
形而上學,形而上学,丁
型,型,丁
型號,型号,丁
杏,杏,丁
幸好,幸好,丁
幸運,幸运,丁
性命,性命,丁
性情,性情,丁
凶狠,凶狠,丁
兇猛,凶猛,丁
兄,兄,丁
洶涌,汹涌,丁
胸懷,胸怀,丁
胸膛,胸膛,丁
雄濃,雄厚,丁
雄壯,雄壮,丁
熊,熊,丁
休養,休养,丁
修訂,修订,丁
修復,修复,丁
修養,修养,丁
羞恥,羞耻,丁
秀麗,秀丽,丁
袖子,袖子,丁
須知,须知,丁
虛,虚,丁
虛假,虚假,丁
虛弱,虚弱,丁
虛偽,虚伪,丁
需求,需求,丁
徐徐,徐徐,丁
許可,许可,丁
序言,序言,丁
敘談,叙谈,丁
畜產品,畜产品,丁
畜牧,畜牧,丁
續,续,丁
酗酒,酗酒,丁
絮叨,絮叨,丁
嗅,嗅,丁
蓄,蓄,丁
宣稱,宣称,丁
宣讀,宣读,丁
宣誓,宣誓,丁
宣揚,宣扬,丁
懸掛,悬挂,丁
懸念,悬念,丁
旋,旋,丁
旋律,旋律,丁
選拔,选拔,丁
選定,选定,丁
選集,选集,丁
選民,选民,丁
選取,选取,丁
選手,选手,丁
選用,选用,丁
靴子,靴子,丁
穴,穴,丁
學歷,学历,丁
學派,学派,丁
雪白,雪白,丁
血壓,血压,丁
熏,熏,丁
尋求,寻求,丁
巡邏,巡逻,丁
循序漸進,循序渐进,丁
訓,训,丁
訊,讯,丁
壓抑,压抑,丁
壓韻,压韵,丁
鴉片,鸦片,丁
崖,崖,丁
啞,哑,丁
煙草,烟草,丁
煙卷兒,烟卷儿,丁
煙霧,烟雾,丁
淹沒,淹没,丁
延緩,延缓,丁
延期,延期,丁
延伸,延伸,丁
延續,延续,丁
嚴寒,严寒,丁
嚴峻,严峻,丁
言,言,丁
言論,言论,丁
言語,言语,丁
沿岸,沿岸,丁
沿途,沿途,丁
炎熱,炎热,丁
掩,掩,丁
掩飾,掩饰,丁
眼力,眼力,丁
眼色,眼色,丁
眼神,眼神,丁
眼下,眼下,丁
演變,演变,丁
演唱,演唱,丁
演講,演讲,丁
演算,演算,丁
演習,演习,丁
演奏,演奏,丁
宴請,宴请,丁
宴席,宴席,丁
驗,验,丁
驗收,验收,丁
驗証,验证,丁
陽,阳,丁
楊樹,杨树,丁
養分,养分,丁
養活,养活,丁
養育,养育,丁
養殖,养殖,丁
氧,氧,丁
痒,痒,丁
樣品,样品,丁
妖怪,妖怪,丁
邀,邀,丁
遙控,遥控,丁
藥材,药材,丁
要領,要领,丁
要麼,要么,丁
要命,要命,丁
要素,要素,丁
耀眼,耀眼,丁
冶煉,冶炼,丁
野,野,丁
野蠻,野蛮,丁
野生,野生,丁
野外,野外,丁
野心,野心,丁
夜勤,夜班,丁
液,液,丁
一輩子,一辈子,丁
一旦,一旦,丁
一度,一度,丁
一帆風順,一帆风顺,丁
一概,一概,丁
一概而論,一概而论,丁
一乾二淨,一干二净,丁
一個勁兒,一个劲儿,丁
一貫,一贯,丁
一哄而散,一哄而散,丁
一會兒...一會兒...,一会儿...一会儿...,丁
一技之長,一技之长,丁
一舉,一举,丁
一律,一律,丁
一毛不拔,一毛不拔,丁
一身,一身,丁
一手,一手,丁
一頭,一头,丁
衣裳,衣裳,丁
醫,医,丁
醫務,医务,丁
醫藥,医药,丁
醫治,医治,丁
依,依,丁
依次,依次,丁
倚賴,依赖,丁
壹,壹,丁
移民,移民,丁
遺傳,遗传,丁
遺失,遗失,丁
遺體,遗体,丁
遺址,遗址,丁
疑惑,疑惑,丁
疑難,疑难,丁
以免,以免,丁
以身作則,以身作则,丁
以往,以往,丁
以至於,以至于,丁
億萬,亿万,丁
憶,忆,丁
議案,议案,丁
議程,议程,丁
議定書,议定书,丁
議員,议员,丁
亦,亦,丁
異,异,丁
譯員,译员,丁
意料,意料,丁
意圖,意图,丁
意向,意向,丁
毅然,毅然,丁
翼,翼,丁
因,因,丁
陰暗,阴暗,丁
音響,音响,丁
淫穢,淫秽,丁
引人注目,引人注目,丁
引入,引入,丁
引用,引用,丁
引誘,引诱,丁
飲,饮,丁
飲食,饮食,丁
飲水思源,饮水思源,丁
隱蔽,隐蔽,丁
隱藏,隐藏,丁
隱瞞,隐瞒,丁
英俊,英俊,丁
櫻花,樱花,丁
鷹,鹰,丁
迎面,迎面,丁
盈利,盈利,丁
營,营,丁
蠅子,蝇子,丁
贏得,赢得,丁
映,映,丁
硬體,硬件,丁
擁有,拥有,丁
庸俗,庸俗,丁
永垂不朽,永垂不朽,丁
永久,永久,丁
勇士,勇士,丁
勇於,勇于,丁
湧現,涌现,丁
用法,用法,丁
用戶,用户,丁
用具,用具,丁
用人,用人,丁
用意,用意,丁
優,优,丁
優惠,优惠,丁
優先,优先,丁
優異,优异,丁
優質,优质,丁
憂慮,忧虑,丁
憂郁,忧郁,丁
幽靜,幽静,丁
幽默,幽默,丁
由此可見,由此可见,丁
猶如,犹如,丁
郵電,邮电,丁
郵購,邮购,丁
郵寄,邮寄,丁
郵政,邮政,丁
油菜,油菜,丁
油畫,油画,丁
油料,油料,丁
油漆,油漆,丁
鈾,铀,丁
游擊,游击,丁
遊客,游客,丁
遊人,游人,丁
友情,友情,丁
友人,友人,丁
有待,有待,丁
有害,有害,丁
有口無心,有口无心,丁
有聲有色,有声有色,丁
幼,幼,丁
誘,诱,丁
誘惑,诱惑,丁
予,予,丁
予以,予以,丁
漁業,渔业,丁
愚昧,愚昧,丁
榆樹,榆树,丁
輿論,舆论,丁
與此同時,与此同时,丁
與會,与会,丁
羽毛,羽毛,丁
雨傘,雨伞,丁
雨水,雨水,丁
玉,玉,丁
預測,预测,丁
預訂,预订,丁
預定,预定,丁
預計,预计,丁
預見,预见,丁
預料,预料,丁
預期,预期,丁
預賽,预赛,丁
預算,预算,丁
預言,预言,丁
預約,预约,丁
欲,欲,丁
慾望,欲望,丁
寓,寓,丁
愈,愈,丁
冤,冤,丁
元件,元件,丁
元首,元首,丁
園,园,丁
原,原,丁
原材料,原材料,丁
原告,原告,丁
原油,原油,丁
原子能,原子能,丁
源,源,丁
源泉,源泉,丁
遠大,远大,丁
遠方,远方,丁
遠景,远景,丁
曰,曰,丁
約束,约束,丁
月份,月份,丁
閱,阅,丁
躍,跃,丁
越冬,越冬,丁
越過,越过,丁
雲彩,云彩,丁
勻,匀,丁
孕育,孕育,丁
運送,运送,丁
運算,运算,丁
營運,运行,丁
醞釀,酝酿,丁
蘊藏,蕴藏,丁
雜交,杂交,丁
雜亂,杂乱,丁
災荒,灾荒,丁
栽培,栽培,丁
宰,宰,丁
再生產,再生产,丁
在乎,在乎,丁
在意,在意,丁
攢,攒,丁
暫,暂,丁
暫且,暂且,丁
讚賞,赞赏,丁
贊嘆,赞叹,丁
贊同,赞同,丁
贊助,赞助,丁
葬,葬,丁
葬禮,葬礼,丁
遭殃,遭殃,丁
蹧蹋,糟蹋,丁
早點,早点,丁
早日,早日,丁
棗,枣,丁
灶,灶,丁
造反,造反,丁
造價,造价,丁
型式,造型,丁
噪音,噪音,丁
責怪,责怪,丁
責任制,责任制,丁
賊,贼,丁
怎,怎,丁
怎么著,怎么着,丁
增,增,丁
增設,增设,丁
增添,增添,丁
增援,增援,丁
軋,轧,丁
閘,闸,丁
眨,眨,丁
詐騙,诈骗,丁
炸彈,炸弹,丁
炸藥,炸药,丁
榨,榨,丁
摘要,摘要,丁
債務,债务,丁
寨,寨,丁
沾光,沾光,丁
瞻仰,瞻仰,丁
斬,斩,丁
斬草除根,斩草除根,丁
斬釘截鐵,斩钉截铁,丁
展示,展示,丁
展望,展望,丁
展現,展现,丁
展銷,展销,丁
佔據,占据,丁
戰,战,丁
戰役,战役,丁
站崗,站岗,丁
章程,章程,丁
漲價,涨价,丁
掌,掌,丁
掌管,掌管,丁
徵人,招聘,丁
招生,招生,丁
招收,招收,丁
沼澤,沼泽,丁
兆,兆,丁
照會,照会,丁
照舊,照旧,丁
照料,照料,丁
照明,照明,丁
照射,照射,丁
照應,照应,丁
折騰,折腾,丁
這么著,这么着,丁
偵察,侦察,丁
偵探,侦探,丁
真誠,真诚,丁
真是的,真是的,丁
真相,真相,丁
真心,真心,丁
診斷,诊断,丁
陣容,阵容,丁
陣線,阵线,丁
陣營,阵营,丁
振,振,丁
振奮,振奋,丁
振興,振兴,丁
鎮,镇,丁
鎮定,镇定,丁
震盪,震荡,丁
震驚,震惊,丁
爭吵,争吵,丁
爭端,争端,丁
爭氣,争气,丁
爭先恐後,争先恐后,丁
爭議,争议,丁
徵收,征收,丁
蒸,蒸,丁
整潔,整洁,丁
整數,整数,丁
整天,整天,丁
整整,整整,丁
正比,正比,丁
正規,正规,丁
正氣,正气,丁
正巧,正巧,丁
正月,正月,丁
証,证,丁
鄭重,郑重,丁
政變,政变,丁
政協,政协,丁
症,症,丁
支部,支部,丁
支撐,支撑,丁
支出,支出,丁
支付,支付,丁
支票,支票,丁
支柱,支柱,丁
汁,汁,丁
芝麻,芝麻,丁
知覺,知觉,丁
脂肪,脂肪,丁
蜘蛛,蜘蛛,丁
執法,执法,丁
執勤,执勤,丁
執照,执照,丁
執政,执政,丁
侄子,侄子,丁
直播,直播,丁
直轄市,直辖市,丁
直線,直线,丁
直至,直至,丁
值班,值班,丁
職稱,职称,丁
職能,职能,丁
職權,职权,丁
職務,职务,丁
植,植,丁
殖民主義,殖民主义,丁
只顧,只顾,丁
只管,只管,丁
只能,只能,丁
紙張,纸张,丁
指定,指定,丁
指甲,指甲,丁
指令,指令,丁
指明,指明,丁
指手畫腳,指手画脚,丁
指望,指望,丁
指針,指针,丁
至多,至多,丁
志,志,丁
志氣,志气,丁
制裁,制裁,丁
製服,制服,丁
製品,制品,丁
制約,制约,丁
治安,治安,丁
治理,治理,丁
質變,质变,丁
質樸,质朴,丁
致詞,致词,丁
致電,致电,丁
致富,致富,丁
致敬,致敬,丁
致使,致使,丁
擲,掷,丁
智力,智力,丁
智能,智能,丁
置,置,丁
中等,中等,丁
中立,中立,丁
中秋,中秋,丁
中途,中途,丁
中型,中型,丁
中游,中游,丁
中原,中原,丁
忠於,忠于,丁
忠貞,忠贞,丁
終,终,丁
終點,终点,丁
終端,终端,丁
終究,终究,丁
終年,终年,丁
終止,终止,丁
鐘表,钟表,丁
鐘點,钟点,丁
腫瘤,肿瘤,丁
種地,种地,丁
種種,种种,丁
種族,种族,丁
眾,众,丁
眾多,众多,丁
眾人,众人,丁
眾所周知,众所周知,丁
眾議院,众议院,丁
重,重,丁
重工業,重工业,丁
重申,重申,丁
重心,重心,丁
重型,重型,丁
州,州,丁
舟,舟,丁
周密,周密,丁
週期,周期,丁
周折,周折,丁
周轉,周转,丁
洲,洲,丁
晝夜,昼夜,丁
珠子,珠子,丁
諸如此類,诸如此类,丁
諸位,诸位,丁
逐年,逐年,丁
主,主,丁
主辦,主办,丁
主編,主编,丁
主導,主导,丁
主管,主管,丁
主流,主流,丁
主人翁,主人翁,丁
主食,主食,丁
主題,主题,丁
主體,主体,丁
主義,主义,丁
拄,拄,丁
屬,属,丁
囑托,嘱托,丁
住房,住房,丁
住所,住所,丁
助長,助长,丁
助理,助理,丁
註冊,注册,丁
註解,注解,丁
注目,注目,丁
註釋,注释,丁
注重,注重,丁
駐紮,驻扎,丁
祝福,祝福,丁
著,著,丁
築,筑,丁
鑄造,铸造,丁
爪,爪,丁
拽,拽,丁
專長,专长,丁
專程,专程,丁
專科,专科,丁
專利,专利,丁
專人,专人,丁
專題,专题,丁
專業戶,专业户,丁
專用,专用,丁
專製,专制,丁
轉換,转换,丁
轉交,转交,丁
轉讓,转让,丁
轉向,转向,丁
轉折,转折,丁
莊,庄,丁
莊重,庄重,丁
裝配,装配,丁
裝卸,装卸,丁
壯觀,壮观,丁
壯烈,壮烈,丁
壯志,壮志,丁
追查,追查,丁
追悼,追悼,丁
追趕,追赶,丁
追究,追究,丁
追問,追问,丁
准許,准许,丁
準則,准则,丁
卓越,卓越,丁
酌情,酌情,丁
啄,啄,丁
著,着,丁
著想,着想,丁
琢磨,琢磨,丁
咨詢,咨询,丁
資產,资产,丁
資助,资助,丁
滋長,滋长,丁
滋味,滋味,丁
籽,籽,丁
子弟,子弟,丁
子孫,子孙,丁
自卑,自卑,丁
自發,自发,丁
自負盈虧,自负盈亏,丁
自古,自古,丁
自力更生,自力更生,丁
自殺,自杀,丁
自私自利,自私自利,丁
自衛,自卫,丁
自行,自行,丁
自由市場,自由市场,丁
宗旨,宗旨,丁
棕色,棕色,丁
蹤跡,踪迹,丁
總的來說,总的来说,丁
總督,总督,丁
總額,总额,丁
總和,总和,丁
總計,总计,丁
總數,总数,丁
總司令,总司令,丁
總務,总务,丁
縱橫,纵横,丁
走訪,走访,丁
走狗,走狗,丁
走漏,走漏,丁
走私,走私,丁
走向,走向,丁
奏,奏,丁
揍,揍,丁
租金,租金,丁
足以,足以,丁
族,族,丁
阻擋,阻挡,丁
阻攔,阻拦,丁
阻撓,阻挠,丁
組合,组合,丁
鑽石,钻石,丁
嘴巴,嘴巴,丁
罪犯,罪犯,丁
罪名,罪名,丁
罪狀,罪状,丁
尊,尊,丁
尊稱,尊称,丁
尊嚴,尊严,丁
遵循,遵循,丁
遵照,遵照,丁
作案,作案,丁
作法,作法,丁
作廢,作废,丁
作主,作主,丁
座右銘,座右铭,丁
做工,做工,丁
